iso3,iso2,name,pop,continent,inscore,outscore
BDI,BI,Burundi,13238.559,Africa,75294151,33921.825136612000
COM,KM,Comoros,852.075,Africa,95842519,194544.0819672130
DJI,DJ,Djibouti,1136.455,Africa,173751157,11659.16393442620
ETH,ET,Ethiopia,126527.06,Africa,7788053,8926.857923497270
KEN,KE,Kenya,55100.586,Africa,7256757,13511.644808743200
MDG,MG,Madagascar,30325.732,Africa,21441121,24965.09836065570
MWI,MW,Malawi,20931.751,Africa,27014388,17753.45901639340
MUS,MU,Mauritius,1300.557,Seven seas,54307866,29603.44262295080
MYT,YT,Mayotte,335.995,Africa,189088793,245278.45901639300
MOZ,MZ,Mozambique,33897.354,Africa,17582942,19434.169398907100
REU,RE,Réunion,981.796,Africa,33409410,97231.61202185790
RWA,RW,Rwanda,14094.683,Africa,50239043,32820.69945355190
SYC,SC,Seychelles,107.66,Africa,1000000000,34716.45355191260
UGA,UG,Uganda,48582.334,Africa,18650751,22779.84699453550
TZA,TZ,Tanzania,67438.106,Africa,10671078,16526.284153005500
ZMB,ZM,Zambia,20569.737,Africa,24759524,20770.508196721300
ZWE,ZW,Zimbabwe,16665.409,Africa,20247600,14042.437158469900
AGO,AO,Angola,36684.202,Africa,16815996,22832.945355191300
CMR,CM,Cameroon,28647.293,Africa,12186568,35072.43715847000
CAF,CF,Central African Republic,5742.315,Africa,262239866,65892.15846994540
TCD,TD,Chad,18278.568,Africa,61151922,46815.57923497270
COG,CG,Congo,6106.869,Africa,54779570,45341.22404371590
COD,CD,DR Congo,102262.808,Africa,10295415,23190.879781420800
GNQ,GQ,Equatorial Guinea,1714.671,Africa,179369808,44137.71038251370
GAB,GA,Gabon,2436.566,Africa,73040459,46684.530054644800
STP,ST,São Tomé-Principe,231.856,Africa,661149461,124929.37704918000
DZA,DZ,Algeria,45606.48,Africa,781660,2426.1639344262300
EGY,EG,Egypt,112716.598,Africa,1032826,3763.256830601090
LBY,LY,Libya,6888.388,Africa,4682636,6721.049180327870
MAR,MA,Morocco,37840.044,Africa,1324395,4266.9672131147500
TUN,TN,Tunisia,12458.223,Africa,5118918,4371.918032786890
BWA,BW,Botswana,2675.352,Africa,93338425,25606.754098360700
SWZ,SZ,Eswatini,1210.822,Africa,139546857,16415.273224043700
LSO,LS,Lesotho,2330.318,Africa,50428035,8103.060109289620
ZAF,ZA,South Africa,60414.495,Africa,2022262,12876.284153005500
BEN,BJ,Benin,13712.828,Africa,16457224,32442.67213114750
BFA,BF,Burkina Faso,23251.485,Africa,20112854,25298.20218579240
CPV,CV,Cabo Verde,598.682,Africa,314863868,101969.04918032800
CIV,CI,Côte d'Ivoire,28873.034,Africa,5742888,26041.96174863390
GMB,GM,Gambia,2773.168,Africa,43946349,40948.55191256830
GHA,GH,Ghana,34121.985,Africa,6710002,12895.032786885200
GIN,GN,Guinea,14190.612,Africa,23962380,49795.04918032790
GNB,GW,Guinea-Bissau,2150.842,Africa,114922693,88468.33879781420
LBR,LR,Liberia,5418.377,Africa,83148418,59248.00546448090
MLI,ML,Mali,23293.698,Africa,14199564,33089.89617486340
MRT,MR,Mauritania,4862.989,Africa,46574301,23018.25683060110
NER,NE,Niger,27202.843,Africa,39105171,27393.8087431694
NGA,NG,Nigeria,223804.632,Africa,1623364,6435.732240437160
SEN,SN,Senegal,17763.163,Africa,12541400,38645.38797814210
SLE,SL,Sierra Leone,8791.092,Africa,72400176,58397.03825136610
TGO,TG,Togo,9053.799,Africa,27293645,33199.48633879780
KAZ,KZ,Kazakhstan,19606.633,Asia,2485548,2781.8306010929000
KGZ,KG,Kyrgyzstan,6735.347,Asia,9275508,2651.497267759560
TJK,TJ,Tajikistan,10143.543,Asia,17185254,3755.07650273224
UZB,UZ,Uzbekistan,35163.944,Asia,3746926,3411.2950819672100
HKG,HK,Hong Kong,7491.609,Asia,2987191,5248.256830601090
MAC,MO,Macao,704.149,Asia,44631334,7118.043715847000
TWN,TW,Taiwan,23923.276,Asia,1630723,2014.622950819670
JPN,JP,Japan,123294.513,Asia,605235,1751.825136612020
MNG,MN,Mongolia,3447.157,Asia,18755238,1649.191256830600
KOR,KR,South Korea,51784.059,Asia,1758296,2157.748633879780
BGD,BD,Bangladesh,172954.319,Asia,971412,7661.693989071040
BTN,BT,Bhutan,787.424,Asia,98255702,2533.251366120220
IND,IN,India,1428627.663,Asia,142229,1832.879781420770
MDV,MV,Maldives,521.021,Seven seas,99905812,11638.55737704920
NPL,NP,Nepal,30896.59,Asia,3515083,6347.530054644810
PAK,PK,Pakistan,240485.658,Asia,1009082,4250.158469945360
LKA,LK,Sri Lanka,21893.579,Asia,7511511,7263.11475409836
BRN,BN,Brunei,452.524,Asia,73641537,5633.136612021860
KHM,KH,Cambodia,16944.826,Asia,4620736,1239.9016393442600
IDN,ID,Indonesia,277534.122,Asia,442205,2261.2131147541000
LAO,LA,Laos,7633.779,Asia,16006762,1511.4699453551900
MYS,MY,Malaysia,34308.525,Asia,2314968,5352.633879781420
MMR,MM,Myanmar,54577.997,Asia,1258838,1085.6448087431700
PHL,PH,Philippines,117337.368,Asia,700294,4749.415300546450
SGP,SG,Singapore,6014.723,Asia,4772337,6848.535519125680
THA,TH,Thailand,71801.279,Asia,988236,1770.2021857923500
TLS,TL,Timor-Leste,1360.596,Asia,226109449,4096.765027322400
VNM,VN,Vietnam,98858.95,Asia,612688,959.2513661202190
ARM,AM,Armenia,2777.97,Asia,15755579,2891.6666666666700
AZE,AZ,Azerbaijan,10412.651,Asia,7487254,3026.7704918032800
BHR,BH,Bahrain,1485.509,Asia,8142826,16145.245901639300
CYP,CY,Cyprus,1260.138,Asia,56319033,16625.683060109300
GEO,GE,Georgia,3728.282,Asia,13567885,3258.398907103830
JOR,JO,Jordan,11337.052,Asia,6429348,4050.497267759560
KWT,KW,Kuwait,4310.108,Asia,2493409,12593.825136612000
LBN,LB,Lebanon,5353.93,Asia,11004535,8602.382513661200
OMN,OM,Oman,4644.384,Asia,4046442,15120.22950819670
QAT,QA,Qatar,2716.391,Asia,2907174,20757.90163934430
SAU,SA,Saudi Arabia,36947.025,Asia,682075,11895.7868852459
TUR,TR,Turkey,85816.199,Asia,830078,2847.0437158469900
ARE,AE,Arab Emirates,9516.871,Asia,1117179,19084.743169398900
BLR,BY,Belarus,9498.238,Europe,4178093,3689.251366120220
BGR,BG,Bulgaria,6687.717,Europe,10665371,5948.174863387980
CZE,CZ,Czechia,10495.295,Europe,3925843,4544.0109289617500
HUN,HU,Hungary,10156.239,Europe,9214411,4697.081967213120
POL,PL,Poland,41026.067,Europe,1953202,3342.7377049180300
MDA,MD,Moldova,3435.931,Europe,16611654,4853.24043715847
ROU,RO,Romania,19892.812,Europe,5119095,6731.989071038250
SVK,SK,Slovakia,5795.199,Europe,9071279,5290.393442622950
UKR,UA,Ukraine,36744.634,Europe,1422270,3052.781420765030
DNK,DK,Denmark,5910.913,Europe,9084985,7008.12568306011
EST,EE,Estonia,1322.765,Europe,35939453,6763.262295081970
FIN,FI,Finland,5545.475,Europe,9068132,5993.677595628420
ISL,IS,Iceland,375.318,Europe,185439922,12443.677595628400
IRL,IE,Ireland,5056.935,Europe,12118661,10035.437158469900
IMN,IM,Isle of Man,84.71,Europe,512113730,14327.994535519100
JEY,JE,Jersey,111.802,Europe,315897342,19980.437158469900
LVA,LV,Latvia,1830.211,Europe,28485607,7517.928961748630
LTU,LT,Lithuania,2718.352,Europe,15951683,5959.655737704920
NOR,NO,Norway,5474.36,Europe,12892663,8140.016393442620
SWE,SE,Sweden,10612.086,Europe,3982458,8032.03825136612
GBR,GB,United Kingdom,67736.802,Europe,771894,11918.393442623000
ALB,AL,Albania,2832.439,Europe,14884656,14468.693989071000
BIH,BA,Bosnia-Herzegovina,3210.847,Europe,24705334,27938.803278688500
HRV,HR,Croatia,4008.617,Europe,17122244,15699.803278688500
GRC,GR,Greece,10341.277,Europe,9564853,10966.15300546450
ITA,IT,Italy,58870.762,Europe,1759672,6632.672131147540
KOS,XK,Kosovo,1663.594,Europe,32089947,22837.1912568306
MLT,MT,Malta,535.064,Europe,166628028,16900.73224043720
MNE,ME,Montenegro,626.485,Europe,123752304,33842.338797814200
MKD,MK,North Macedonia,2085.679,Europe,48535299,23431.109289617500
PRT,PT,Portugal,10247.605,Europe,8997082,38818.77595628420
SRB,RS,Serbia,7149.077,Europe,14145552,29840.15846994540
SVN,SI,Slovenia,2119.675,Europe,42920791,19686.781420765000
ESP,ES,Spain,47519.628,Europe,1074854,6558.841530054650
AUT,AT,Austria,8958.96,Europe,8174253,12901.754098360700
BEL,BE,Belgium,11686.14,Europe,4718282,9285.666666666670
FRA,FR,France,64756.584,Europe,550941,16908.90163934430
DEU,DE,Germany,83294.633,Europe,719479,9349.469945355190
LUX,LU,Luxembourg,654.768,Europe,64423473,40143.51912568310
NLD,NL,Netherlands,17618.299,Europe,2765932,19113.513661202200
CHE,CH,Switzerland,8796.669,Europe,6278710,17115.857923497300
ATG,AG,Antigua-Barbuda,94.298,North America,856956149,198876.77049180300
ABW,AW,Aruba,106.277,North America,427209236,120197.2131147540
BHS,BS,Bahamas,412.623,North America,276337386,42332.1912568306
BRB,BB,Barbados,281.995,North America,282024727,144935.68852459000
CYM,KY,Cayman Islands,69.31,North America,383930175,93366.56284153010
CUW,CW,Curaçao,192.077,North America,283853111,127424.73770491800
DOM,DO,Dominican Republic,11332.972,North America,7859381,15469.03825136610
GRD,GD,Grenada,126.183,North America,783949334,280888.01639344300
GLP,GP,Guadeloupe,395.839,North America,76681771,79266.4918032787
HTI,HT,Haiti,11724.763,North America,14384672,34307.48633879780
JAM,JM,Jamaica,2825.544,North America,33604656,102419.14207650300
MTQ,MQ,Martinique,366.981,North America,91567512,111795.98907103800
PRI,PR,Puerto Rico,3260.314,North America,20397395,3116.2295081967200
LCA,LC,Saint Lucia,180.251,North America,543651141,187691.32786885200
VCT,VC,Saint Vincent-Grenadines,103.698,North America,604786369,344135.7213114750
TTO,TT,Trinidad-Tobago,1534.937,North America,56111152,63378.43715847000
BLZ,BZ,Belize,410.825,North America,221361894,30330.84699453550
CRI,CR,Costa Rica,5212.173,North America,18500616,8057.551912568310
SLV,SV,El Salvador,6364.943,North America,7168755,3449.1803278688500
GTM,GT,Guatemala,18092.026,North America,3848174,3303.9398907103800
HND,HN,Honduras,10593.798,North America,9052522,7325.836065573770
MEX,MX,Mexico,128455.567,North America,449227,1397.344262295080
NIC,NI,Nicaragua,7046.31,North America,12382998,9861.120218579240
PAN,PA,Panama,4468.087,North America,13629151,5119.584699453550
ARG,AR,Argentina,45773.884,South America,1863542,2959.437158469950
BOL,BO,Bolivia,12388.571,South America,4864705,2107.8251366120200
BRA,BR,Brazil,216422.446,South America,610340,2010.950819672130
CHL,CL,Chile,19629.59,South America,2269158,3344.601092896180
COL,CO,Colombia,52085.168,South America,1473977,3289.0601092896200
ECU,EC,Ecuador,18190.484,South America,3832289,2372.071038251370
GUF,GF,French Guiana,312.155,South America,142265070,153986.59016393400
GUY,GY,Guyana,813.834,South America,94011366,117927.3387978140
PRY,PY,Paraguay,6861.524,South America,22377728,3970.857923497270
PER,PE,Peru,34352.719,South America,1441037,2014.1639344262300
SUR,SR,Suriname,623.236,South America,166059344,140205.6174863390
URY,UY,Uruguay,3423.108,South America,19194107,2180.196721311480
CAN,CA,Canada,38781.291,North America,1168333,8978.027322404370
USA,US,United States,339996.563,North America,212464,7268.896174863390
AUS,AU,Australia,26439.111,Oceania,1780129,11872.311475409800
NZL,NZ,New Zealand,5228.1,Oceania,7606278,37512.27322404370
FJI,FJ,Fiji,936.375,Oceania,105177413,67183.90710382510
NCL,NC,New Caledonia,292.991,Oceania,135845627,28945.77049180330
PNG,PG,Papua New Guinea,10329.931,Oceania,59749399,21878.590163934400
SLB,SB,Solomon Islands,740.424,Oceania,290995332,67920.72677595630
VUT,VU,Vanuatu,334.506,Oceania,299322870,56831.48633879780
GUM,GU,Guam,172.952,Oceania,135887011,180219.0218579240
KIR,KI,Kiribati,133.515,Oceania,771672520,60706.93442622950
FSM,FM,Micronesia,115.224,Oceania,584673303,189923.24043715800
PYF,PF,French Polynesia,308.872,Oceania,155790081,19379.508196721300
WSM,WS,Samoa,225.681,Oceania,243247667,118735.0601092900
TON,TO,Tonga,107.773,Oceania,694741188,135708.5956284150