name,vietName,type,region,springMonths,autumnMonths,winterMonths,s_a_1995,s_a_1996,s_a_1997,s_a_1998,s_a_1999,s_a_2000,s_a_2001,s_a_2002,s_a_2003,s_a_2004,s_a_2005,s_a_2006,s_a_2007,s_a_2008,s_a_2009,s_a_2010,s_a_2011,s_a_2012,s_a_2013,s_a_2014,s_a_2015,s_a_2016,s_a_2017,s_a_2018,s_a_2019,s_a_2020,s_a_2021,s_a_2022,s_a_2023,s_p_1995,s_p_1996,s_p_1997,s_p_1998,s_p_1999,s_p_2000,s_p_2001,s_p_2002,s_p_2003,s_p_2004,s_p_2005,s_p_2006,s_p_2007,s_p_2008,s_p_2009,s_p_2010,s_p_2011,s_p_2012,s_p_2013,s_p_2014,s_p_2015,s_p_2016,s_p_2017,s_p_2018,s_p_2019,s_p_2020,s_p_2021,s_p_2022,s_p_2023,s_y_1995,s_y_1996,s_y_1997,s_y_1998,s_y_1999,s_y_2000,s_y_2001,s_y_2002,s_y_2003,s_y_2004,s_y_2005,s_y_2006,s_y_2007,s_y_2008,s_y_2009,s_y_2010,s_y_2011,s_y_2012,s_y_2013,s_y_2014,s_y_2015,s_y_2016,s_y_2017,s_y_2018,s_y_2019,s_y_2020,s_y_2021,s_y_2022,s_y_2023,a_a_1995,a_a_1996,a_a_1997,a_a_1998,a_a_1999,a_a_2000,a_a_2001,a_a_2002,a_a_2003,a_a_2004,a_a_2005,a_a_2006,a_a_2007,a_a_2008,a_a_2009,a_a_2010,a_a_2011,a_a_2012,a_a_2013,a_a_2014,a_a_2015,a_a_2016,a_a_2017,a_a_2018,a_a_2019,a_a_2020,a_a_2021,a_a_2022,a_a_2023,a_p_1995,a_p_1996,a_p_1997,a_p_1998,a_p_1999,a_p_2000,a_p_2001,a_p_2002,a_p_2003,a_p_2004,a_p_2005,a_p_2006,a_p_2007,a_p_2008,a_p_2009,a_p_2010,a_p_2011,a_p_2012,a_p_2013,a_p_2014,a_p_2015,a_p_2016,a_p_2017,a_p_2018,a_p_2019,a_p_2020,a_p_2021,a_p_2022,a_p_2023,a_y_1995,a_y_1996,a_y_1997,a_y_1998,a_y_1999,a_y_2000,a_y_2001,a_y_2002,a_y_2003,a_y_2004,a_y_2005,a_y_2006,a_y_2007,a_y_2008,a_y_2009,a_y_2010,a_y_2011,a_y_2012,a_y_2013,a_y_2014,a_y_2015,a_y_2016,a_y_2017,a_y_2018,a_y_2019,a_y_2020,a_y_2021,a_y_2022,a_y_2023,w_a_1995,w_a_1996,w_a_1997,w_a_1998,w_a_1999,w_a_2000,w_a_2001,w_a_2002,w_a_2003,w_a_2004,w_a_2005,w_a_2006,w_a_2007,w_a_2008,w_a_2009,w_a_2010,w_a_2011,w_a_2012,w_a_2013,w_a_2014,w_a_2015,w_a_2016,w_a_2017,w_a_2018,w_a_2019,w_a_2020,w_a_2021,w_a_2022,w_a_2023,w_p_1995,w_p_1996,w_p_1997,w_p_1998,w_p_1999,w_p_2000,w_p_2001,w_p_2002,w_p_2003,w_p_2004,w_p_2005,w_p_2006,w_p_2007,w_p_2008,w_p_2009,w_p_2010,w_p_2011,w_p_2012,w_p_2013,w_p_2014,w_p_2015,w_p_2016,w_p_2017,w_p_2018,w_p_2019,w_p_2020,w_p_2021,w_p_2022,w_p_2023,w_y_1995,w_y_1996,w_y_1997,w_y_1998,w_y_1999,w_y_2000,w_y_2001,w_y_2002,w_y_2003,w_y_2004,w_y_2005,w_y_2006,w_y_2007,w_y_2008,w_y_2009,w_y_2010,w_y_2011,w_y_2012,w_y_2013,w_y_2014,w_y_2015,w_y_2016,w_y_2017,w_y_2018,w_y_2019,w_y_2020,w_y_2021,w_y_2022,w_y_2023
Northern Midlands and Mountain areas,Trung du và Miền núi phía Bắc,region,Northern Midlands and Mountain areas,"6,7",,"11,12",193.0,190.7,201.7,202.9,196.3,213.8,223.0,227.7,234.0,233.3,236.1,237.7,236.2,231.2,240.1,236.5,240.6,245.6,248.0,250.1,251.5,253.0,250.3,248.2,247.4,246.7,245.0,244.6,243.0,578.4,667.4,734.4,726.2,765.9,946.3,1017.0,1075.4,1153.6,1179.8,1203.3,1192.5,1110.8,1195.2,1267.9,1278.2,1365.8,1382.7,1403.2,1402.7,1422.8,1454.3,1439.7,1457.6,1431.0,1414.1,1439.0,1427.6,1413.0,30.0,35.0,36.4,35.8,39.0,44.3,45.6,47.2,49.3,50.6,51.0,50.2,47.0,51.7,52.8,54.0,56.8,56.3,56.6,56.1,56.6,57.5,57.5,58.7,57.8,57.3,58.7,58.4,58.2,,,,,,,,,,,,,,,,,,,,,,,,,,,,,,,,,,,,,,,,,,,,,,,,,,,,,,,,,,,,,,,,,,,,,,,,,,,,,,,,,,,,,,,,418.7,416.9,415.4,417.3,424.7,424.9,425.8,425.6,422.4,426.6,425.1,423.3,435.7,427.6,430.3,429.9,430.2,432.4,441.2,439.1,432.8,429.6,429.5,424.2,421.6,418.5,417.2,415.1,410.2,1094.7,1101.1,1177.2,1220.1,1357.6,1346.3,1487.7,1557.2,1595.6,1643.7,1661.3,1711.6,1781.1,1708.7,1785.7,1809.6,1833.3,1888.4,1862.4,1938.4,1914.0,1951.2,1896.7,1925.4,1947.5,1977.1,1987.5,2008.2,2001.4,26.1,26.4,28.3,29.2,32.0,31.7,34.9,36.6,37.8,38.5,39.1,40.4,40.9,40.9,41.5,42.1,42.6,43.7,42.2,44.1,44.2,45.4,44.2,45.4,46.2,47.2,47.6,48.4,48.8
Red River Delta,Đồng bằng sông Hồng,region,Red River Delta,"5,6",,"10,11",605.4,602.2,611.1,610.9,608.5,618.0,617.8,613.4,609.0,597.2,584.2,576.9,571.5,566.3,571.3,568.7,566.1,565.2,561.3,557.9,553.0,546.1,536.2,524.4,515.0,499.0,491.4,484.2,476.8,2692.4,3220.9,3275.1,3201.6,3310.2,3584.5,3540.8,3640.9,3708.1,3727.0,3671.3,3654.1,3275.2,3609.7,3621.0,3592.6,3789.0,3739.2,3687.5,3651.5,3636.0,3583.2,3533.8,3507.0,3365.4,3266.2,3274.1,3192.8,3172.6,44.5,53.5,53.6,52.4,54.4,58.0,57.3,59.4,60.9,62.4,62.8,63.3,57.3,63.7,63.4,63.2,66.9,66.2,65.7,65.5,65.8,65.6,65.9,66.9,65.3,65.5,66.6,65.9,66.5,,,,,,,,,,,,,,,,,,,,,,,,,,,,,,,,,,,,,,,,,,,,,,,,,,,,,,,,,,,,,,,,,,,,,,,,,,,,,,,,,,,,,,,,632.7,614.4,633.2,639.4,641.4,643.0,633.5,632.4,623.7,612.8,601.9,594.3,586.6,586.9,584.2,581.4,578.5,573.5,568.6,564.8,557.9,548.3,535.2,516.4,497.3,484.4,478.9,469.3,460.2,2511.4,2239.3,2508.8,2930.2,3233.2,3178.1,3064.5,3310.8,2993.4,3199.1,2727.1,3071.1,3225.5,3180.5,3175.8,3212.8,3176.9,3142.1,2967.9,3108.3,3093.5,2961.8,2549.5,2789.1,2766.5,2765.2,2741.8,2692.8,2637.8,39.7,36.4,39.6,45.8,50.4,49.4,48.4,52.4,48.0,52.2,45.3,51.7,55.0,55.0,54.4,55.3,54.9,54.8,52.2,55.0,55.4,54.0,47.6,54.0,55.6,57.1,57.3,57.4,57.3
Northern Central and Central Coastal areas,Bắc Trung Bộ và Duyên hải miền Trung,region,Northern Central and Central Coastal areas,"4,5,6","8,9","10,11,12",498.5,501.5,512.0,513.8,512.0,529.5,537.7,536.5,538.2,535.1,515.8,539.1,534.7,544.2,551.1,561.6,567.4,572.0,575.1,586.2,585.7,573.9,587.7,589.1,586.6,563.1,580.7,583.4,579.6,1809.7,1966.6,2201.2,2114.1,2296.4,2495.8,2570.8,2795.7,2853.5,2904.3,2825.3,3034.1,2861.6,2951.2,3156.5,3243.6,3332.3,3443.2,3425.3,3675.6,3598.9,3530.6,3590.1,3780.7,3743.0,3582.9,3857.6,3584.9,3814.0,36.3,39.2,43.0,41.1,44.9,47.1,47.8,52.1,53.0,54.3,54.8,56.3,53.5,54.2,57.3,57.8,58.7,60.2,59.6,62.7,61.4,61.5,61.1,64.2,63.8,63.6,66.4,61.4,65.8,271.5,284.9,290.1,280.3,301.4,302.8,300.2,291.4,306.0,308.6,281.9,316.3,310.7,328.5,345.2,333.6,338.6,347.6,343.2,345.6,328.6,337.9,360.1,353.3,347.2,329.1,353.6,350.0,349.1,981.5,1029.6,1147.4,1003.0,1256.5,1269.2,1280.3,1211.1,1372.0,1475.0,1289.4,1503.5,1465.0,1713.8,1710.7,1549.8,1781.3,1812.4,1737.9,1840.6,1782.5,1859.1,1951.4,1914.2,1785.2,1793.8,1994.0,1982.5,2000.9,36.2,36.1,39.6,35.8,41.7,41.9,42.6,41.6,44.8,47.8,45.7,47.5,47.2,52.2,49.6,46.5,52.6,52.1,50.6,53.3,54.2,55.0,54.2,54.2,51.4,54.5,56.4,56.6,57.3,430.2,432.0,426.8,416.3,422.4,412.3,400.5,389.6,376.2,365.0,346.8,351.5,343.3,337.6,324.7,318.9,322.8,316.8,312.1,312.0,306.2,303.5,305.6,292.0,274.4,265.5,264.4,252.1,251.9,1099.0,961.4,1119.3,1169.4,1224.8,1207.8,1293.4,1328.8,1346.6,1393.7,1227.8,1413.5,1437.7,1449.9,1376.0,1358.6,1421.5,1471.6,1436.5,1517.8,1473.7,1452.5,1456.4,1364.9,1326.9,1318.2,1348.7,1319.0,1332.6,25.5,22.3,26.2,28.1,29.0,29.3,32.3,34.1,35.8,38.2,35.4,40.2,41.9,41.9,42.4,42.6,44.0,46.5,46.0,48.6,48.1,47.9,47.7,46.7,48.4,49.6,51.0,52.3,52.9
Central Highlands,Tây Nguyên,region,Central Highlands,"3,4,5,6","8,9","10,11,12",30.1,30.9,35.1,36.6,40.8,44.8,50.4,55.1,58.2,61.1,54.5,65.0,65.0,69.1,72.7,75.2,77.9,80.7,80.1,85.6,84.8,79.1,86.5,87.5,88.1,89.5,92.0,93.9,95.1,112.3,125.5,161.5,128.6,180.8,214.5,250.2,235.8,274.8,303.1,223.3,359.9,349.6,360.2,412.9,427.8,406.3,468.5,449.9,523.8,481.9,424.4,529.9,567.9,578.3,583.2,612.6,629.4,633.9,37.3,40.6,46.0,35.1,44.3,47.9,49.6,42.8,47.2,49.6,41.0,55.4,53.8,52.1,56.8,56.9,52.2,58.1,56.2,61.2,56.8,53.7,61.3,64.9,65.6,65.2,66.6,67.0,66.7,0.0,0.0,8.6,5.2,5.6,5.9,5.2,5.4,5.4,5.8,6.0,5.6,5.9,6.0,6.3,5.9,6.2,6.3,6.2,6.2,6.4,5.6,6.1,5.9,5.9,5.9,5.8,5.4,5.3,0.0,0.0,19.0,13.4,11.4,17.0,14.4,13.2,18.6,21.4,24.5,21.9,25.5,26.0,26.8,24.7,27.9,30.7,30.2,30.7,32.0,29.1,32.2,33.1,29.0,32.0,32.2,29.7,28.6,0.0,0.0,22.1,25.8,20.4,28.8,27.7,24.4,34.4,36.9,40.8,39.1,43.2,43.3,42.5,41.9,45.0,48.7,48.7,49.5,50.0,52.0,52.8,56.1,49.2,54.2,55.7,54.7,53.8,143.1,125.2,126.3,122.9,119.6,126.1,125.2,126.1,130.3,131.0,131.7,135.9,134.3,136.2,136.6,136.7,140.1,142.7,146.1,146.0,146.3,148.6,150.8,152.2,149.7,151.5,152.4,152.6,153.7,317.2,301.8,305.1,294.6,320.2,355.3,381.6,357.6,454.7,456.9,469.5,498.6,491.2,549.0,559.4,589.6,633.5,639.6,671.1,690.5,695.9,720.5,753.5,778.8,787.4,798.5,821.5,846.3,868.8,22.2,24.1,24.2,24.0,26.8,28.2,30.5,28.4,34.9,34.9,35.6,36.7,36.6,40.3,41.0,43.1,45.2,44.8,45.9,47.3,47.6,48.5,50.0,51.2,52.6,52.7,53.9,55.5,56.5
South East,Đông Nam Bộ,region,South East,"3,4,5,6","8,9","10,11,12",58.6,63.6,68.8,70.1,82.8,86.5,90.4,86.6,84.6,84.7,72.8,76.5,74.5,75.8,76.9,79.3,77.3,80.6,76.7,74.0,75.5,74.9,77.3,79.8,82.3,79.2,78.2,79.3,79.4,195.3,244.0,248.3,241.0,299.1,326.4,339.1,344.1,343.5,357.0,331.1,349.8,354.5,377.4,381.4,398.6,401.5,424.1,409.2,405.2,424.4,422.8,439.1,456.1,477.9,458.1,458.3,472.2,478.9,33.3,38.4,36.1,34.4,36.1,37.7,37.5,39.7,40.6,42.1,45.5,45.7,47.6,49.8,49.6,50.3,51.9,52.6,53.4,54.8,56.2,56.4,56.8,57.2,58.1,57.8,58.6,59.6,60.3,73.3,79.8,76.3,79.1,94.5,102.5,93.9,96.0,98.0,94.0,86.1,85.6,87.7,94.4,96.3,91.3,93.7,92.7,91.0,89.5,90.0,87.9,88.6,89.1,87.4,86.2,85.8,84.1,83.9,222.9,250.7,221.3,230.3,289.7,334.3,295.2,314.5,345.8,361.8,325.8,329.2,359.2,402.8,418.6,391.0,435.2,437.9,432.5,434.8,444.7,439.8,450.9,465.4,454.7,456.8,462.5,457.8,462.3,30.4,31.4,29.0,29.1,30.7,32.6,31.4,32.8,35.3,38.5,37.8,38.5,41.0,42.7,43.5,42.8,46.4,47.2,47.5,48.6,49.4,50.0,50.9,52.2,52.0,53.0,53.9,54.4,55.1,219.9,219.0,213.7,207.3,218.4,210.4,197.1,183.7,178.7,174.4,160.0,143.2,138.2,137.5,131.5,124.5,122.1,121.1,112.6,109.7,107.8,107.6,106.0,101.3,97.7,96.6,94.9,92.3,92.5,517.2,469.6,555.3,554.4,553.3,551.3,575.9,552.5,580.6,558.9,554.7,480.5,526.9,535.9,534.3,533.1,524.5,536.6,504.4,509.1,507.0,504.8,506.7,497.2,490.5,487.0,491.0,479.1,491.3,23.5,21.4,26.0,26.7,25.3,26.2,29.2,30.1,32.5,32.0,34.7,33.6,38.1,39.0,40.6,42.8,43.0,44.3,44.8,46.4,47.0,46.9,47.8,49.1,50.2,50.4,51.7,51.9,53.1
Mekong River Delta,Đồng bằng sông Cửu Long,region,Mekong River Delta,"2,3,4","7,8,9,10,11,12","12,1,2",1035.7,1152.2,1254.0,1349.0,1448.5,1520.6,1537.6,1513.7,1498.9,1467.1,1478.7,1500.3,1506.5,1526.5,1548.8,1564.6,1567.5,1580.2,1564.4,1562.7,1617.5,1601.9,1579.1,1573.8,1604.7,1546.5,1519.6,1506.9,1478.7,5348.5,5985.1,6689.8,7148.0,7250.6,8003.7,7756.5,8627.7,8489.2,8606.8,9077.3,8997.8,9072.4,9833.2,9856.1,10276.0,10483.4,10834.2,10694.6,11191.7,11527.7,10231.3,9883.2,10833.7,10876.0,10569.9,10987.2,10669.2,10677.0,51.6,51.9,53.3,53.0,50.1,52.6,50.4,57.0,56.6,58.7,61.4,60.0,60.2,64.4,63.6,65.7,66.9,68.6,68.4,71.6,71.3,63.9,62.6,68.8,67.8,68.3,72.3,70.8,72.2,1397.6,1619.5,1510.2,1776.0,1939.7,1881.6,1811.5,1900.9,1910.6,1957.8,1975.3,1909.9,1799.2,1939.8,1910.6,2005.2,2151.0,2212.5,2370.4,2292.8,2444.1,2441.5,2421.9,2336.5,2293.3,2247.9,2228.3,2124.5,2182.1,5296.4,5598.2,5250.1,6275.9,7200.7,7004.5,6738.5,7649.9,7664.4,8572.7,8796.5,7839.3,8291.1,9253.1,9056.1,9720.6,11158.5,11677.0,12422.8,12173.1,13082.1,12904.1,13026.7,12763.7,12654.2,12497.5,12674.8,11985.9,12565.4,37.9,34.6,34.8,35.3,37.1,37.2,37.2,40.2,40.1,43.8,44.5,41.0,46.1,47.7,47.4,48.5,51.9,52.8,52.4,53.1,53.5,52.9,53.8,54.6,55.2,55.6,56.9,56.4,57.6,757.3,671.0,716.4,635.6,597.0,543.6,442.9,420.2,378.0,390.8,372.3,363.7,377.4,392.6,410.6,376.1,375.4,391.3,405.5,394.0,239.9,197.7,184.3,197.2,171.3,169.3,150.7,171.2,177.9,2186.8,2235.5,1910.1,1894.7,1843.4,1694.5,1502.5,1432.0,1374.4,1387.7,1424.7,1392.1,1315.4,1583.2,1611.0,1599.0,1627.6,1809.6,1903.7,1880.8,973.9,639.6,699.1,909.6,779.8,760.2,665.3,881.2,914.1,28.9,33.3,26.7,29.8,30.9,31.2,33.9,34.1,36.4,35.5,38.3,38.3,34.9,40.3,39.2,42.5,43.4,46.2,46.9,47.7,40.6,32.4,37.9,46.1,45.5,44.9,44.1,51.5,51.4
Ha Giang,Hà Giang,city/province,Northern Midlands and Mountain areas,"6,7",,"11,12",5.8,6.0,6.4,6.6,6.7,7.5,8.0,8.8,9.1,9.4,9.6,9.6,9.7,9.5,9.9,9.3,10.0,9.9,9.7,9.5,9.6,9.3,9.2,9.2,9.3,9.2,9.2,9.3,9.4,16.0,17.6,21.1,22.4,25.6,31.5,35.2,38.7,39.8,41.1,43.1,42.5,43.5,44.3,48.4,48.7,54.2,52.4,54.2,53.1,53.5,52.6,52.6,52.8,53.3,53.2,53.7,54.0,54.4,27.6,29.3,33.0,33.9,38.3,42.0,44.0,44.0,43.7,43.7,44.9,44.3,44.8,46.6,48.9,52.4,54.2,52.9,55.9,55.9,55.7,56.6,57.2,57.4,57.3,57.8,58.2,58.2,57.6,,,,,,,,,,,,,,,,,,,,,,,,,,,,,,,,,,,,,,,,,,,,,,,,,,,,,,,,,,,,,,,,,,,,,,,,,,,,,,,,,,,,,,,,23.5,23.9,23.1,23.1,23.0,23.7,24.0,24.3,25.2,25.6,25.7,26.0,26.2,27.1,27.1,27.2,27.3,27.5,27.7,27.9,27.2,28.2,28.3,28.3,28.2,28.3,28.4,28.4,28.2,65.9,71.4,74.5,77.5,84.2,89.9,95.6,98.4,106.2,108.9,111.7,115.7,118.2,123.0,136.9,145.5,147.6,150.5,152.7,154.8,150.0,157.9,158.8,160.0,160.2,162.3,163.8,162.5,163.4,28.0,29.9,32.3,33.5,36.6,37.9,39.8,40.5,42.1,42.5,43.5,44.5,45.1,45.1,50.5,53.5,54.1,54.7,55.1,55.5,55.1,56.0,56.1,56.5,56.8,57.3,57.7,57.2,57.9
Cao Bang,Cao Bằng,city/province,Northern Midlands and Mountain areas,"6,7",,"11,12",3.3,2.6,2.8,2.8,3.2,3.4,3.4,3.1,3.4,3.5,3.6,3.5,3.7,3.7,3.8,3.0,3.3,3.2,3.4,3.3,3.3,3.6,3.6,3.6,3.6,3.6,3.6,3.7,3.6,11.4,11.0,12.2,12.1,14.7,16.4,15.6,15.1,16.4,16.1,17.3,16.9,17.8,18.8,19.2,15.2,16.9,16.3,17.7,16.8,17.0,18.4,18.2,18.3,18.3,18.7,18.8,19.1,17.3,34.5,42.3,43.6,43.2,46.5,48.2,45.9,48.7,48.2,46.0,48.1,48.3,48.1,50.8,50.5,50.7,51.2,50.9,52.1,50.9,51.5,51.1,50.6,50.8,50.8,51.9,51.7,51.4,48.3,,,,,,,,,,,,,,,,,,,,,,,,,,,,,,,,,,,,,,,,,,,,,,,,,,,,,,,,,,,,,,,,,,,,,,,,,,,,,,,,,,,,,,,,30.1,25.1,25.8,25.6,26.3,25.3,25.8,25.9,26.1,26.1,26.5,27.1,26.9,27.5,26.6,27.5,26.8,27.5,27.0,27.1,27.2,25.3,26.8,26.7,26.6,25.4,25.6,26.6,26.1,81.0,73.1,79.6,79.2,83.7,71.6,84.2,83.5,88.2,87.9,93.0,100.4,102.0,105.8,99.7,110.6,100.3,106.8,107.9,110.1,112.5,106.4,114.5,114.2,117.6,112.6,114.9,123.3,120.9,26.9,29.0,30.9,30.9,31.8,28.3,32.6,32.2,33.8,33.7,35.1,37.0,37.9,37.9,37.5,40.2,37.4,38.8,40.0,40.6,41.4,42.1,42.7,42.8,44.2,44.3,44.9,46.4,46.3
Bac Kan,Bắc Kạn,city/province,Northern Midlands and Mountain areas,"6,7",,"11,12",3.6,3.5,4.0,4.3,4.8,5.3,5.9,6.4,6.5,6.7,7.0,7.0,7.1,7.1,7.5,7.4,7.6,7.7,7.9,8.7,9.1,9.3,9.0,8.9,8.8,8.7,8.6,8.6,8.5,10.3,11.6,12.8,15.5,18.3,21.8,24.4,26.5,28.9,30.0,31.1,28.5,32.3,32.8,35.9,35.6,40.5,41.3,42.6,44.4,50.0,51.2,49.4,49.7,48.5,49.4,49.3,48.6,45.2,28.6,33.1,32.0,36.0,37.9,41.1,41.4,41.4,44.5,44.8,44.4,40.7,45.5,46.2,47.9,48.1,53.3,53.6,53.9,51.0,54.9,55.1,54.9,55.8,55.1,56.8,57.2,56.7,53.1,,,,,,,,,,,,,,,,,,,,,,,,,,,,,,,,,,,,,,,,,,,,,,,,,,,,,,,,,,,,,,,,,,,,,,,,,,,,,,,,,,,,,,,,14.5,14.3,14.2,13.8,13.7,13.5,13.7,13.8,13.4,13.8,13.9,13.8,14.2,14.1,14.3,14.4,14.6,14.6,15.1,15.3,15.5,15.0,15.0,14.6,14.5,14.2,14.3,14.1,13.9,40.5,42.3,47.3,45.4,45.8,44.5,51.1,52.1,52.3,52.1,56.5,59.6,60.6,61.0,60.3,58.1,57.4,63.1,64.7,67.7,67.4,66.9,62.9,65.0,68.5,68.7,68.2,68.6,67.9,27.9,29.6,33.3,32.9,33.4,33.0,37.3,37.8,39.0,37.8,40.6,43.2,42.7,42.7,42.2,40.3,39.3,43.2,42.8,44.2,43.5,44.6,41.9,44.5,47.2,48.4,47.7,48.6,48.9
Tuyen Quang,Tuyên Quang,city/province,Northern Midlands and Mountain areas,"6,7",,"11,12",13.9,14.4,15.6,16.5,16.6,17.9,19.1,19.2,20.2,19.7,19.5,19.8,19.5,19.5,19.8,19.7,19.7,20.1,20.3,20.1,20.2,20.0,19.8,19.6,19.2,19.3,19.1,19.0,18.7,43.7,53.6,62.0,65.9,70.3,86.2,97.8,92.9,109.9,108.9,110.1,108.0,105.4,109.9,115.3,114.7,118.1,119.4,121.0,119.4,120.6,119.8,118.4,118.5,115.5,115.8,115.5,114.6,113.1,31.4,37.2,39.7,39.9,42.3,48.2,51.2,48.4,54.4,55.3,56.5,54.5,54.1,56.4,58.2,58.2,59.9,59.4,59.6,59.4,59.7,59.9,59.8,60.5,60.2,60.0,60.5,60.2,60.5,,,,,,,,,,,,,,,,,,,,,,,,,,,,,,,,,,,,,,,,,,,,,,,,,,,,,,,,,,,,,,,,,,,,,,,,,,,,,,,,,,,,,,,,26.4,26.2,26.1,26.8,26.5,26.6,27.0,26.9,26.8,26.7,26.1,26.1,26.0,25.7,25.8,25.7,25.8,25.7,25.6,25.5,25.4,25.1,25.3,25.2,25.1,25.2,25.1,24.8,24.3,90.0,95.4,93.4,103.5,106.8,98.3,131.9,127.6,134.4,138.4,138.8,143.2,147.0,146.7,146.0,147.1,147.8,147.3,145.6,146.0,145.7,144.5,144.5,143.9,144.4,145.6,146.1,145.7,143.9,34.1,36.4,35.8,38.6,40.3,37.0,48.9,47.4,50.1,51.8,53.2,54.9,56.5,56.5,56.6,57.2,57.3,57.3,56.9,57.3,57.4,57.6,57.1,57.1,57.5,57.8,58.2,58.7,59.1
Lao Cai,Lào Cai,city/province,Northern Midlands and Mountain areas,"6,7",,"11,12",6.7,7.0,7.3,7.6,8.1,8.7,9.3,9.7,10.0,8.2,8.4,8.4,8.7,8.8,9.0,9.1,9.5,9.8,9.8,9.9,10.0,10.1,10.1,10.1,10.2,10.1,10.1,9.9,9.9,26.5,27.7,28.4,32.0,34.2,38.0,42.0,44.8,48.4,40.6,42.6,43.0,45.1,46.6,48.7,49.5,52.7,54.8,55.0,54.8,56.4,58.0,58.4,60.7,61.5,60.0,61.6,60.6,59.5,39.6,39.6,38.9,42.1,42.4,43.7,45.2,46.2,48.4,49.5,50.7,51.2,51.8,53.0,54.1,54.4,55.5,55.9,56.1,55.4,56.4,57.4,57.8,60.1,60.3,59.4,61.1,61.2,60.0,,,,,,,,,,,,,,,,,,,,,,,,,,,,,,,,,,,,,,,,,,,,,,,,,,,,,,,,,,,,,,,,,,,,,,,,,,,,,,,,,,,,,,,,26.4,25.4,25.1,25.6,27.4,27.7,27.5,26.4,26.9,19.6,20.0,19.5,19.5,19.5,20.1,20.6,20.9,20.8,20.7,20.9,20.7,21.5,22.2,23.5,23.5,23.9,23.9,23.6,24.1,56.0,60.0,58.9,62.4,69.7,75.0,80.1,80.3,88.5,70.4,74.9,74.7,78.9,71.8,79.6,76.9,89.0,89.5,91.9,93.6,93.7,100.3,100.4,112.2,115.6,121.1,121.8,123.2,126.4,21.2,23.6,23.5,24.4,25.4,27.1,29.1,30.4,32.9,35.9,37.5,38.3,40.5,40.5,39.6,37.3,42.6,43.0,44.4,44.8,45.3,46.7,45.2,47.7,49.2,50.7,51.0,52.2,52.5
Yen Bai,Yên Bái,city/province,Northern Midlands and Mountain areas,"6,7",,"11,12",14.2,14.4,14.5,14.8,14.9,15.2,15.5,16.1,16.4,16.6,17.0,17.0,17.1,16.9,17.3,17.4,17.9,18.2,18.7,19.0,19.4,19.8,19.6,19.7,19.6,19.7,19.5,19.5,19.5,51.6,55.7,59.8,63.3,65.8,70.8,72.8,77.1,79.7,81.4,84.5,85.6,82.6,82.1,88.9,90.7,95.2,98.4,100.9,101.0,105.4,107.9,107.3,108.4,108.3,109.2,109.0,109.2,109.7,36.3,38.7,41.2,42.8,44.1,46.6,47.0,47.9,48.6,49.0,49.7,50.4,48.3,48.6,51.4,52.1,53.2,54.1,54.0,53.2,54.3,54.5,54.7,55.0,55.3,55.4,55.8,56.0,56.2,,,,,,,,,,,,,,,,,,,,,,,,,,,,,,,,,,,,,,,,,,,,,,,,,,,,,,,,,,,,,,,,,,,,,,,,,,,,,,,,,,,,,,,,24.3,24.4,24.7,27.4,24.6,24.8,25.0,24.5,24.7,24.8,24.3,24.4,24.4,22.7,23.9,23.6,23.3,22.2,21.8,21.9,21.9,23.0,22.9,22.4,23.2,23.2,23.1,23.0,23.1,69.1,73.9,68.0,64.5,77.9,79.7,82.8,83.1,88.2,90.5,85.0,93.1,95.6,88.1,97.3,95.4,99.6,99.3,97.6,101.4,102.3,106.3,104.2,101.6,107.2,108.5,109.3,110.3,111.2,28.4,30.3,27.5,23.5,31.7,32.1,33.1,33.9,35.7,36.5,35.0,38.2,39.2,39.2,40.7,40.4,42.7,44.7,44.8,46.3,46.7,46.2,45.5,45.4,46.2,46.8,47.3,48.0,48.1
Thai Nguyen,Thái Nguyên,city/province,Northern Midlands and Mountain areas,"6,7",,"11,12",21.6,21.4,23.4,23.5,22.1,25.9,26.8,27.9,28.4,28.0,28.3,28.6,28.5,27.4,28.7,28.3,29.6,30.2,30.1,30.4,30.5,30.7,30.3,30.1,29.9,29.9,29.4,29.3,29.0,65.6,75.5,83.6,82.6,85.7,108.6,120.2,128.6,133.5,137.5,137.4,135.7,126.6,137.1,143.6,145.3,162.6,159.0,161.8,159.4,167.4,168.7,168.5,171.2,168.0,164.6,167.2,166.7,164.5,30.4,35.3,35.7,35.1,38.7,41.9,44.9,46.1,47.0,49.1,48.6,47.4,44.4,50.0,50.0,51.3,54.9,52.6,53.8,52.4,54.9,55.0,55.6,56.9,56.2,55.1,56.9,56.9,56.7,,,,,,,,,,,,,,,,,,,,,,,,,,,,,,,,,,,,,,,,,,,,,,,,,,,,,,,,,,,,,,,,,,,,,,,,,,,,,,,,,,,,,,,,37.5,42.2,42.0,42.1,43.2,42.7,42.7,42.6,42.0,41.9,41.8,41.5,41.7,41.5,41.2,41.5,41.6,42.4,42.1,42.1,41.9,41.3,40.8,40.6,40.2,39.9,39.4,39.0,38.5,113.5,130.1,136.8,142.8,162.4,156.9,166.5,182.3,180.0,176.9,184.8,190.8,197.8,195.5,195.7,194.5,205.7,208.4,201.2,206.5,214.0,216.0,210.9,215.2,216.7,218.8,217.4,216.6,211.8,30.3,30.8,32.6,33.9,37.6,36.7,39.0,42.8,42.9,42.2,44.2,46.0,47.4,47.4,47.5,46.9,49.4,49.2,47.8,49.0,51.1,52.3,51.7,53.0,53.9,54.8,55.2,55.5,55.0
Lang Son,Lạng Sơn,city/province,Northern Midlands and Mountain areas,"6,7",,"11,12",10.8,10.5,12.0,12.1,11.6,13.0,14.5,13.3,14.4,15.1,15.5,14.6,15.3,15.1,15.8,15.4,15.5,16.1,16.1,16.1,15.4,16.2,15.7,15.5,15.4,15.6,15.0,15.6,15.4,46.2,40.3,53.0,52.6,51.7,58.2,69.3,64.6,70.5,74.7,77.1,69.7,71.2,72.9,77.5,78.1,79.7,83.9,83.9,83.3,79.8,85.1,81.6,83.5,79.3,79.7,77.6,80.5,78.9,42.8,38.4,44.2,43.5,44.7,44.8,47.8,48.6,49.0,49.5,49.7,47.7,46.5,48.3,49.1,50.7,51.4,52.1,52.1,51.7,51.8,52.5,52.0,53.9,51.5,51.1,51.7,51.6,51.1,,,,,,,,,,,,,,,,,,,,,,,,,,,,,,,,,,,,,,,,,,,,,,,,,,,,,,,,,,,,,,,,,,,,,,,,,,,,,,,,,,,,,,,,34.6,35.3,35.2,34.0,33.9,34.1,34.6,34.4,34.1,34.3,34.0,34.0,33.9,34.1,34.1,34.2,34.1,34.2,34.7,34.6,34.4,33.9,33.8,33.3,33.0,32.5,32.2,32.5,32.4,82.3,92.5,101.0,100.0,97.6,86.5,109.8,113.5,120.2,117.0,121.8,118.7,128.0,118.9,116.6,120.2,90.2,118.9,124.2,129.6,130.8,133.2,124.3,121.8,124.6,127.2,125.6,133.0,136.5,23.8,26.2,28.7,29.4,28.8,25.4,31.7,33.0,35.2,34.1,35.8,34.9,37.8,37.8,34.2,35.1,26.5,34.8,35.8,37.5,38.0,39.3,36.8,36.6,37.8,39.1,39.0,40.9,42.1
Bac Giang,Bắc Giang,city/province,Northern Midlands and Mountain areas,"6,7",,"11,12",49.4,49.2,50.7,50.8,49.4,50.7,52.1,52.6,52.7,52.3,52.0,52.8,51.7,50.1,52.2,52.9,53.2,53.2,53.2,53.8,53.6,53.2,51.8,50.5,49.9,49.1,48.5,47.7,46.9,122.8,168.5,174.2,170.4,178.0,218.4,222.6,240.4,254.9,267.6,269.3,262.7,237.5,263.8,280.5,296.7,316.4,316.0,314.8,312.1,317.3,320.0,312.8,308.8,302.5,294.0,292.1,284.2,280.8,24.9,34.2,34.4,33.5,36.0,43.1,42.7,45.7,48.4,51.2,51.8,49.8,45.9,52.7,53.7,56.1,59.5,59.4,59.2,58.0,59.2,60.2,60.4,61.1,60.6,59.9,60.2,59.6,59.9,,,,,,,,,,,,,,,,,,,,,,,,,,,,,,,,,,,,,,,,,,,,,,,,,,,,,,,,,,,,,,,,,,,,,,,,,,,,,,,,,,,,,,,,60.3,61.4,62.2,63.7,64.9,64.3,63.1,64.3,63.1,63.8,62.0,61.4,60.3,59.8,59.2,59.3,59.2,58.9,58.4,59.0,57.9,56.3,55.0,53.5,52.9,51.8,51.2,50.0,49.0,167.1,167.1,194.9,205.8,238.3,254.4,252.9,280.0,271.0,284.6,287.4,282.7,302.0,254.6,291.1,301.1,311.4,313.1,273.8,314.5,301.8,308.5,296.4,290.7,291.1,288.9,288.6,282.7,273.8,27.7,27.2,31.3,32.3,36.7,39.6,40.1,43.5,42.9,44.6,46.4,46.0,50.1,50.1,49.2,50.8,52.6,53.2,46.9,53.3,52.1,54.8,53.9,54.3,55.0,55.8,56.4,56.5,55.9
Phu Tho,Phú Thọ,city/province,Northern Midlands and Mountain areas,"6,7",,"11,12",35.9,34.4,36.5,36.5,32.3,36.3,36.9,37.9,38.3,37.1,37.9,37.9,37.0,35.1,36.9,35.5,35.8,36.7,36.7,37.0,37.2,37.1,37.0,36.8,36.5,36.3,36.1,35.8,35.6,87.0,98.9,110.5,105.7,110.8,154.8,167.0,185.1,192.5,185.7,196.0,191.1,157.9,180.3,197.7,192.2,206.6,211.1,212.7,213.1,212.5,221.7,221.7,228.1,216.3,216.3,223.6,218.2,217.9,24.2,28.8,30.3,29.0,34.4,42.6,45.3,48.8,50.3,50.1,51.7,50.4,42.7,51.4,53.6,54.1,57.7,57.5,58.0,57.6,57.1,59.8,59.9,62.0,59.3,59.6,62.0,60.9,61.2,,,,,,,,,,,,,,,,,,,,,,,,,,,,,,,,,,,,,,,,,,,,,,,,,,,,,,,,,,,,,,,,,,,,,,,,,,,,,,,,,,,,,,,,34.4,31.7,32.6,34.0,34.9,35.3,34.3,35.1,35.2,35.6,35.3,33.5,34.8,32.8,34.4,33.3,33.9,32.5,33.1,32.6,32.2,30.6,30.1,27.5,25.2,25.0,24.1,23.5,22.8,97.7,86.4,94.0,110.4,129.8,127.5,142.2,160.5,157.6,164.4,159.4,151.4,166.3,151.5,165.1,160.1,169.8,164.4,166.9,162.9,157.9,151.5,146.2,137.8,128.9,131.4,128.6,127.6,128.2,28.4,27.3,28.8,32.5,37.2,36.1,41.5,45.7,44.8,46.2,45.2,45.2,47.8,47.8,48.0,48.1,50.1,50.6,50.4,50.0,49.0,49.5,48.6,50.1,51.2,52.6,53.4,54.3,56.3
Dien Bien,Điện Biên,city/province,Northern Midlands and Mountain areas,"6,7",,"11,12",0.0,0.0,0.0,0.0,0.0,0.0,0.0,0.0,0.0,7.1,7.3,7.5,7.5,7.6,7.9,7.9,7.9,8.2,8.3,8.5,8.8,9.0,9.1,9.3,9.6,9.6,9.9,9.8,9.9,0.0,0.0,0.0,0.0,0.0,0.0,0.0,0.0,0.0,40.7,42.5,43.4,41.6,43.7,42.4,46.4,46.4,48.0,45.5,51.3,53.6,52.4,53.2,55.3,57.0,52.5,60.0,58.9,61.0,0.0,0.0,0.0,0.0,0.0,0.0,0.0,0.0,0.0,57.3,58.2,57.9,55.5,57.5,53.7,58.7,58.7,58.5,54.8,60.4,60.9,58.2,58.5,59.5,59.4,54.7,60.5,60.3,61.5,,,,,,,,,,,,,,,,,,,,,,,,,,,,,,,,,,,,,,,,,,,,,,,,,,,,,,,,,,,,,,,,,,,,,,,,,,,,,,,,,,,,,,,,0.0,0.0,0.0,0.0,0.0,0.0,0.0,0.0,0.0,32.5,32.7,33.6,34.7,35.6,37.0,38.5,39.6,40.1,40.7,40.9,40.6,41.1,41.1,42.0,42.1,42.8,43.9,45.3,45.7,0.0,0.0,0.0,0.0,0.0,0.0,0.0,0.0,0.0,82.1,85.0,89.9,89.9,94.7,104.2,108.7,108.4,109.9,116.1,119.3,121.2,123.0,124.9,130.0,130.0,138.3,140.2,147.7,150.5,0.0,0.0,0.0,0.0,0.0,0.0,0.0,0.0,0.0,25.3,26.0,26.8,25.9,25.9,28.2,28.2,27.4,27.4,28.5,29.2,29.9,29.9,30.4,31.0,30.9,32.3,31.9,32.6,32.9
Lai Chau,Lai Châu,city/province,Northern Midlands and Mountain areas,"6,7",,"11,12",5.5,5.7,5.7,5.7,6.1,6.7,7.4,8.0,8.6,4.4,4.7,5.0,5.0,5.2,5.4,5.4,5.5,5.7,6.1,6.2,6.4,6.4,6.7,6.7,6.8,6.8,6.8,6.8,6.8,20.0,24.2,26.9,26.0,31.9,36.1,36.6,41.7,46.0,19.9,23.1,24.8,23.5,26.0,27.8,28.2,28.7,30.6,32.3,33.9,35.0,35.4,36.0,36.1,37.1,33.9,37.7,37.9,37.3,36.4,42.5,47.2,45.6,52.1,53.9,49.5,52.1,53.5,45.2,49.1,49.6,47.0,50.0,51.5,52.2,52.2,53.7,53.0,54.7,54.7,55.3,53.7,53.9,54.6,49.9,55.6,55.4,54.8,,,,,,,,,,,,,,,,,,,,,,,,,,,,,,,,,,,,,,,,,,,,,,,,,,,,,,,,,,,,,,,,,,,,,,,,,,,,,,,,,,,,,,,,41.9,42.5,39.9,40.4,43.4,45.2,47.3,47.7,47.5,24.2,25.8,25.4,25.2,25.4,24.8,24.9,23.8,23.1,24.2,24.2,24.5,25.0,26.2,25.4,26.1,25.9,25.5,25.2,24.6,80.8,74.1,79.2,81.0,90.7,95.5,103.0,99.9,108.7,63.7,69.7,74.3,76.4,78.7,84.1,88.5,89.9,88.8,93.9,93.8,97.8,101.0,109.7,107.7,112.7,114.9,114.3,115.5,115.2,19.3,17.4,19.8,20.0,20.9,21.1,21.8,20.9,22.9,26.3,27.0,29.3,30.3,30.3,33.9,35.5,37.8,38.4,38.8,38.8,39.9,40.4,41.9,42.4,43.2,44.4,44.8,45.8,46.8
Son La,Sơn La,city/province,Northern Midlands and Mountain areas,"6,7",,"11,12",5.9,6.0,6.2,6.2,6.0,6.7,7.3,7.7,8.4,8.7,9.0,8.9,9.1,9.2,9.5,9.5,9.4,10.1,11.1,11.4,11.6,11.8,12.1,12.0,12.4,12.5,12.8,13.1,13.2,26.6,30.0,33.6,30.8,28.6,34.8,36.4,42.4,46.1,49.6,47.5,50.7,50.2,52.1,54.8,54.9,57.5,60.2,67.1,68.5,64.2,68.4,69.7,70.6,72.3,73.3,76.7,79.0,76.1,45.1,50.0,54.2,49.7,47.6,51.9,49.9,55.1,54.9,57.0,52.8,57.0,55.2,56.6,57.7,57.8,61.2,59.6,60.5,60.1,55.3,58.0,57.6,58.8,58.3,58.6,59.7,60.3,57.6,,,,,,,,,,,,,,,,,,,,,,,,,,,,,,,,,,,,,,,,,,,,,,,,,,,,,,,,,,,,,,,,,,,,,,,,,,,,,,,,,,,,,,,,37.7,38.5,37.9,36.8,35.9,34.8,33.3,31.7,30.1,30.3,30.0,30.3,41.7,36.4,36.4,35.1,34.7,38.1,45.6,42.9,40.5,39.9,38.9,38.6,38.4,39.1,38.4,37.1,35.5,72.8,71.0,76.4,69.8,70.8,73.3,75.7,76.8,82.5,84.5,80.8,88.5,98.6,96.4,98.0,92.2,98.3,102.7,114.2,114.8,113.2,114.5,110.3,113.7,116.7,125.7,129.6,130.5,130.0,19.3,18.4,20.2,19.0,19.7,21.1,22.7,24.2,27.4,27.9,26.9,29.2,23.6,23.6,26.9,26.3,28.3,27.0,25.0,26.8,28.0,28.7,28.4,29.5,30.4,32.1,33.8,35.2,36.6
Hoa Binh,Hoà Bình,city/province,Northern Midlands and Mountain areas,"6,7",,"11,12",16.4,15.6,16.6,15.5,14.5,16.5,16.8,17.0,17.6,16.5,16.3,17.1,16.3,16.0,16.4,15.7,15.7,16.5,16.6,16.2,16.4,16.5,16.3,16.2,16.2,16.3,16.4,16.5,16.5,50.7,52.8,56.3,46.9,50.3,70.7,77.1,77.5,87.0,86.0,81.7,89.9,75.6,84.8,87.2,82.0,90.3,91.3,93.7,91.6,90.1,94.7,91.9,95.6,93.1,93.5,96.3,96.1,97.4,30.9,33.8,33.9,30.3,34.6,42.8,45.9,45.6,49.4,52.1,50.1,52.6,46.4,53.0,53.2,52.2,57.5,55.3,56.4,56.5,54.9,57.4,56.4,59.0,57.5,57.4,58.9,58.3,59.1,,,,,,,,,,,,,,,,,,,,,,,,,,,,,,,,,,,,,,,,,,,,,,,,,,,,,,,,,,,,,,,,,,,,,,,,,,,,,,,,,,,,,,,,27.1,26.0,26.6,24.0,27.0,26.9,27.5,28.0,27.3,27.4,27.0,26.7,26.2,25.4,25.4,24.1,24.6,24.8,24.5,24.2,22.9,23.4,23.1,22.6,22.6,21.3,22.1,22.0,21.9,78.0,63.8,73.2,77.8,99.9,93.2,111.9,119.2,117.8,122.3,112.5,128.6,119.8,122.0,111.1,110.7,117.9,125.7,111.7,123.4,105.7,121.2,88.7,111.6,113.3,113.1,119.1,121.0,122.0,28.8,24.5,27.5,32.4,37.0,34.6,40.7,42.6,43.2,44.6,41.7,48.2,45.7,45.7,43.7,45.9,47.9,50.7,45.6,51.0,46.2,51.8,38.4,49.4,50.1,53.1,53.9,55.0,55.7
Ha Noi,Hà Nội,city/province,Red River Delta,"5,6",,"10,11",26.2,25.3,26.2,24.9,24.8,25.5,25.5,24.8,24.3,22.4,20.9,20.7,20.6,101.2,103.2,101.8,102.0,102.7,102.3,101.6,101.0,99.4,96.9,93.1,90.6,86.9,85.1,83.7,82.5,80.3,104.5,103.4,92.3,93.1,113.6,103.9,104.4,107.9,105.6,96.6,96.4,87.9,605.0,601.4,590.0,638.8,634.2,625.6,620.7,616.7,605.7,594.4,584.3,532.6,518.5,532.7,515.3,517.9,30.6,41.3,39.5,37.1,37.5,44.5,40.7,42.1,44.4,47.1,46.2,46.6,42.7,59.8,58.3,58.0,62.6,61.8,61.2,61.1,61.1,60.9,61.3,62.8,58.8,59.7,62.6,61.6,62.8,,,,,,,,,,,,,,,,,,,,,,,,,,,,,,,,,,,,,,,,,,,,,,,,,,,,,,,,,,,,,,,,,,,,,,,,,,,,,,,,,,,,,,,,29.9,29.5,28.3,29.1,29.1,28.7,26.8,27.4,26.5,25.0,24.1,23.3,22.7,105.5,103.7,102.9,102.9,102.7,102.0,101.2,99.6,97.7,93.0,86.4,81.1,78.7,77.1,74.9,72.5,96.8,86.5,84.3,107.9,114.5,111.0,90.1,100.3,95.3,95.0,93.0,87.5,96.3,572.8,552.7,535.1,581.5,568.2,530.9,554.8,552.8,503.9,456.7,440.3,436.8,455.0,451.1,437.1,421.4,32.4,29.3,29.8,37.1,39.3,38.7,33.6,36.6,36.0,38.0,38.6,37.6,42.4,42.4,53.3,52.0,56.5,55.3,52.0,54.8,55.5,51.6,49.1,51.0,53.9,57.8,58.5,58.4,58.1
Ha Tay,Hà Tây,city/province,Red River Delta,"5,6",,"10,11",82.2,80.3,81.3,82.0,82.1,83.1,83.4,83.3,82.6,81.1,80.3,78.7,77.2,0.0,0.0,0.0,0.0,0.0,0.0,0.0,0.0,0.0,0.0,0.0,0.0,0.0,0.0,0.0,0.0,320.5,385.2,406.4,410.5,426.3,463.7,478.4,494.5,494.9,498.7,485.9,484.2,421.1,0.0,0.0,0.0,0.0,0.0,0.0,0.0,0.0,0.0,0.0,0.0,0.0,0.0,0.0,0.0,0.0,39.0,48.0,50.0,50.1,51.9,55.8,57.4,59.4,59.9,61.5,60.5,61.5,54.5,0.0,0.0,0.0,0.0,0.0,0.0,0.0,0.0,0.0,0.0,0.0,0.0,0.0,0.0,0.0,0.0,,,,,,,,,,,,,,,,,,,,,,,,,,,,,,,,,,,,,,,,,,,,,,,,,,,,,,,,,,,,,,,,,,,,,,,,,,,,,,,,,,,,,,,,86.0,83.3,85.3,85.7,85.5,85.7,85.1,85.1,83.9,83.3,81.9,80.0,78.2,0.0,0.0,0.0,0.0,0.0,0.0,0.0,0.0,0.0,0.0,0.0,0.0,0.0,0.0,0.0,0.0,326.7,294.1,285.9,377.0,450.3,457.7,425.6,481.6,447.2,459.2,442.5,431.9,456.7,0.0,0.0,0.0,0.0,0.0,0.0,0.0,0.0,0.0,0.0,0.0,0.0,0.0,0.0,0.0,0.0,38.0,35.3,33.5,44.0,52.7,53.4,50.0,56.6,53.3,55.1,54.0,54.0,58.4,0.0,0.0,0.0,0.0,0.0,0.0,0.0,0.0,0.0,0.0,0.0,0.0,0.0,0.0,0.0,0.0
Vinh Phuc,Vĩnh Phúc,city/province,Red River Delta,"5,6",,"10,11",36.9,35.5,37.6,37.3,34.5,38.0,37.4,37.7,38.0,37.1,35.0,34.6,35.4,29.8,31.4,30.9,30.8,31.1,30.9,30.8,30.8,31.2,31.3,31.0,30.2,29.9,29.7,29.3,29.0,110.8,125.9,140.6,125.5,125.7,175.9,170.6,187.0,193.0,200.8,188.2,187.3,149.9,165.2,176.2,171.0,184.6,184.5,186.3,186.0,184.1,182.7,191.1,195.5,187.9,182.7,186.1,150.2,178.3,30.0,35.5,37.4,33.6,36.4,46.3,45.6,49.6,50.8,54.1,53.8,54.1,42.3,55.4,56.1,55.3,59.9,59.3,60.3,60.4,59.8,58.6,61.1,63.1,62.2,61.1,62.8,51.2,61.5,,,,,,,,,,,,,,,,,,,,,,,,,,,,,,,,,,,,,,,,,,,,,,,,,,,,,,,,,,,,,,,,,,,,,,,,,,,,,,,,,,,,,,,,35.1,32.4,33.8,36.8,37.3,36.8,33.2,36.2,36.2,35.8,34.6,33.7,33.6,28.1,29.1,28.4,28.5,28.3,28.1,27.8,27.6,27.2,26.6,25.6,23.9,24.0,24.0,23.7,23.5,105.3,93.2,102.2,137.2,148.8,151.1,127.6,158.0,164.6,163.7,163.2,132.6,166.3,136.3,147.4,143.3,151.1,115.3,122.1,145.2,142.3,111.8,129.2,135.1,125.3,130.3,134.8,131.6,133.2,30.0,28.8,30.2,37.3,39.9,41.1,38.4,43.6,45.5,45.7,47.2,39.3,49.5,49.5,50.7,50.5,53.0,40.7,43.5,52.2,51.6,41.1,48.6,52.8,52.4,54.3,56.2,55.5,56.6
Bac Ninh,Bắc Ninh,city/province,Red River Delta,"5,6",,"10,11",39.5,39.3,40.5,40.8,41.0,41.5,41.8,41.6,41.2,40.4,39.8,39.5,39.2,38.0,37.3,37.1,36.8,36.5,36.4,36.3,36.0,35.6,34.9,33.7,33.1,31.9,31.1,30.4,29.7,125.0,171.5,177.2,174.2,192.0,231.3,219.2,226.8,234.2,238.9,238.0,233.8,212.1,241.3,239.4,239.3,259.6,251.1,243.8,228.9,237.4,231.3,224.9,222.7,209.5,206.9,206.5,203.7,196.7,31.6,43.6,43.8,42.7,46.9,55.7,52.4,54.5,56.8,59.1,59.8,59.2,54.1,63.5,64.2,64.5,70.5,68.8,67.0,63.1,65.9,65.0,64.4,66.1,63.3,64.9,66.3,67.0,66.3,,,,,,,,,,,,,,,,,,,,,,,,,,,,,,,,,,,,,,,,,,,,,,,,,,,,,,,,,,,,,,,,,,,,,,,,,,,,,,,,,,,,,,,,39.4,40.1,40.7,41.5,41.7,42.5,42.2,41.9,41.3,40.4,40.0,39.8,39.3,38.2,37.5,37.2,36.9,36.1,36.1,36.4,35.9,35.2,34.2,32.7,32.5,31.5,30.7,29.7,29.0,122.9,122.9,141.5,177.6,196.2,210.1,212.0,219.8,207.8,208.8,199.8,200.9,208.5,199.0,205.5,200.8,208.4,202.3,180.4,210.5,207.4,207.8,190.0,187.7,193.2,197.2,194.7,188.2,178.5,31.2,30.6,34.8,42.8,47.1,49.4,50.2,52.5,50.3,51.7,50.0,50.5,53.1,53.1,54.8,54.0,56.5,56.0,50.0,57.8,57.8,59.0,55.6,57.4,59.4,62.6,63.4,63.4,61.6
Quang Ninh,Quảng Ninh,city/province,Red River Delta,"5,6",,"10,11",17.1,17.1,17.8,17.7,17.1,18.3,18.7,19.1,19.3,19.0,18.3,18.4,18.3,17.3,17.3,17.8,17.2,17.2,17.2,17.2,17.0,17.0,16.5,16.4,15.9,15.8,15.4,15.1,14.9,45.7,50.9,54.5,52.5,59.3,72.8,71.7,81.3,90.4,92.4,91.0,89.3,84.8,86.2,88.1,90.1,94.9,93.4,91.9,93.3,93.3,92.5,90.4,91.7,88.7,87.5,85.7,84.5,82.7,26.7,29.8,30.6,29.7,34.6,39.8,38.3,42.6,46.8,48.6,49.7,48.5,46.3,49.8,50.9,50.6,55.2,54.3,53.4,54.2,54.9,54.4,54.8,55.9,55.8,55.4,55.7,55.9,55.7,,,,,,,,,,,,,,,,,,,,,,,,,,,,,,,,,,,,,,,,,,,,,,,,,,,,,,,,,,,,,,,,,,,,,,,,,,,,,,,,,,,,,,,,28.0,29.1,29.5,29.5,30.0,30.1,30.1,30.1,29.9,29.4,28.9,28.8,28.1,28.3,27.7,26.9,26.7,26.4,25.8,25.9,25.5,25.3,25.1,24.7,24.3,23.3,23.1,22.3,21.9,71.0,84.0,91.3,99.9,100.7,103.2,114.2,118.2,123.8,123.5,123.9,113.3,124.4,117.9,115.2,118.5,117.7,123.1,118.5,118.0,118.6,119.3,105.5,116.9,114.7,114.3,114.1,109.8,107.5,25.4,28.9,30.9,33.9,33.6,34.3,37.9,39.3,41.4,42.0,42.9,39.3,44.3,44.3,41.6,44.1,44.1,46.6,45.9,45.6,46.5,47.2,42.0,47.3,47.2,49.1,49.4,49.2,49.1
Hai Duong,Hải Dương,city/province,Red River Delta,"5,6",,"10,11",74.2,73.9,74.8,74.4,74.0,74.2,73.0,71.8,70.8,69.1,67.3,66.4,64.9,63.7,64.0,64.1,63.6,63.6,63.4,63.0,61.8,60.7,59.4,58.5,57.8,56.6,55.8,55.0,54.3,334.8,417.8,434.6,420.5,420.0,438.3,427.1,436.5,444.3,440.2,429.2,427.5,379.1,413.3,413.4,387.9,430.9,418.0,402.3,400.5,398.8,392.2,386.5,391.6,362.4,357.1,366.1,369.0,355.4,45.1,56.5,58.1,56.5,56.7,59.1,58.5,60.8,62.8,63.7,63.8,64.4,58.4,64.9,64.6,60.5,67.8,65.7,63.5,63.6,64.5,64.6,65.1,66.9,62.7,63.1,65.6,67.1,65.5,,,,,,,,,,,,,,,,,,,,,,,,,,,,,,,,,,,,,,,,,,,,,,,,,,,,,,,,,,,,,,,,,,,,,,,,,,,,,,,,,,,,,,,,74.3,74.4,73.7,73.1,72.9,73.3,72.0,70.6,69.1,66.8,66.0,64.5,63.7,63.2,63.0,63.4,63.0,62.8,62.5,62.0,60.9,59.6,58.8,57.9,57.1,55.9,55.2,54.6,54.0,328.5,304.1,327.7,358.0,390.6,385.2,369.4,388.6,374.3,358.3,344.9,343.0,362.8,344.4,360.1,370.0,350.0,364.3,337.5,342.1,341.2,334.2,271.4,311.0,320.4,324.8,331.4,324.4,324.6,44.2,40.9,44.5,49.0,53.6,52.6,51.3,55.0,54.2,53.6,52.3,53.2,57.0,57.0,57.2,58.4,55.6,58.0,54.0,55.2,56.0,56.1,46.2,53.7,56.1,58.1,60.0,59.4,60.1
Hai Phong,Hải Phòng,city/province,Red River Delta,"5,6",,"10,11",45.7,45.9,46.4,46.0,46.2,46.5,46.5,45.7,45.1,44.0,43.1,42.1,41.8,40.0,40.1,39.2,38.5,38.5,38.0,37.5,36.7,35.7,35.1,34.2,32.6,29.0,28.4,28.0,27.6,204.1,222.4,218.0,219.3,234.1,256.6,251.1,257.0,267.3,266.2,265.4,264.5,228.5,254.3,252.3,250.1,261.3,265.9,262.6,259.3,254.7,248.1,243.8,240.0,227.1,202.0,199.5,196.8,193.5,44.7,48.5,47.0,47.7,50.6,55.2,54.0,56.2,59.3,60.5,61.6,62.8,54.7,63.6,62.9,63.8,67.9,69.1,69.1,69.1,69.4,69.5,69.5,70.2,69.7,69.7,70.2,70.2,70.1,,,,,,,,,,,,,,,,,,,,,,,,,,,,,,,,,,,,,,,,,,,,,,,,,,,,,,,,,,,,,,,,,,,,,,,,,,,,,,,,,,,,,,,,48.0,48.2,48.7,48.8,49.0,49.4,48.9,48.3,47.0,45.9,45.2,44.8,43.8,43.1,42.3,41.7,41.1,40.7,40.2,39.6,39.1,38.3,37.2,35.1,32.3,29.6,29.3,28.8,28.2,191.9,200.0,210.0,219.6,237.0,233.7,236.5,241.4,234.1,239.3,193.9,217.4,232.9,221.6,236.0,235.4,223.1,224.2,227.6,225.4,223.6,217.0,192.9,200.8,186.1,174.1,171.2,169.0,166.1,40.0,41.5,43.1,45.0,48.4,47.3,48.4,50.0,49.8,52.1,42.9,48.5,53.2,53.2,55.8,56.5,54.3,55.1,56.6,56.9,57.2,56.7,51.9,57.2,57.6,58.8,58.4,58.7,59.0
Hung Yen,Hưng Yên,city/province,Red River Delta,"5,6",,"10,11",42.2,42.0,42.5,42.5,42.7,43.3,43.3,43.3,42.8,41.9,40.8,40.1,39.6,40.3,40.3,40.6,40.6,40.7,40.4,39.5,38.7,37.1,35.4,33.4,32.0,29.7,28.1,27.1,25.3,190.2,237.3,246.8,241.9,244.4,265.5,256.0,264.6,269.6,269.7,265.3,260.4,245.0,265.3,259.0,259.5,281.4,277.4,273.2,262.9,255.7,244.4,233.2,225.3,216.1,200.5,190.3,183.1,171.0,45.1,56.5,58.1,56.9,57.3,61.3,59.1,61.1,63.0,64.4,65.0,64.9,61.9,65.8,64.3,63.9,69.3,68.2,67.6,66.6,66.1,65.9,65.9,67.5,67.5,67.5,67.8,67.6,67.5,,,,,,,,,,,,,,,,,,,,,,,,,,,,,,,,,,,,,,,,,,,,,,,,,,,,,,,,,,,,,,,,,,,,,,,,,,,,,,,,,,,,,,,,47.3,47.3,46.9,47.0,46.9,46.4,46.0,45.4,44.5,43.6,41.8,41.4,40.8,41.4,41.2,41.3,41.3,41.1,40.3,39.4,38.8,37.0,35.0,33.0,31.0,29.1,28.0,26.6,25.0,206.3,190.9,206.6,232.1,264.9,264.5,250.9,266.0,260.0,249.4,241.5,241.6,246.1,249.2,252.0,255.1,247.2,251.2,228.9,226.7,224.8,213.0,185.4,190.1,187.4,169.0,164.1,154.8,145.8,43.6,40.4,44.1,49.4,56.5,57.0,54.5,58.6,58.4,57.2,57.8,58.4,60.3,60.3,61.2,61.8,59.9,61.1,56.8,57.5,57.9,57.6,53.0,57.6,60.5,58.1,58.6,58.2,58.4
Thai Binh,Thái Bình,city/province,Red River Delta,"5,6",,"10,11",83.4,84.1,84.1,84.7,85.0,85.5,85.9,85.2,84.7,83.4,83.0,82.2,81.7,84.2,83.2,82.7,82.4,81.1,80.5,80.5,80.1,79.7,79.1,78.3,77.6,76.3,76.5,75.6,74.9,503.0,579.8,536.5,510.9,552.6,567.4,555.8,574.1,585.8,585.4,590.1,584.1,498.6,589.4,585.3,583.7,598.5,581.2,575.7,577.5,573.4,570.0,566.8,561.3,553.2,539.1,543.5,537.9,530.3,60.3,68.9,63.8,60.3,65.0,66.4,64.7,67.4,69.2,70.2,71.1,71.1,61.0,70.0,70.3,70.6,72.6,71.7,71.5,71.7,71.6,71.5,71.7,71.7,71.3,70.7,71.0,71.1,70.8,,,,,,,,,,,,,,,,,,,,,,,,,,,,,,,,,,,,,,,,,,,,,,,,,,,,,,,,,,,,,,,,,,,,,,,,,,,,,,,,,,,,,,,,86.0,85.7,86.6,87.0,87.1,87.6,87.4,86.6,85.9,85.2,84.4,83.8,83.2,84.1,83.9,83.7,83.3,81.7,81.3,81.3,80.9,80.4,79.6,78.9,77.6,77.4,76.7,76.0,75.0,436.5,395.9,393.9,458.0,507.2,483.2,438.1,507.5,344.9,484.1,391.5,495.5,516.2,515.8,520.5,520.7,492.8,478.3,477.5,484.4,488.5,483.6,375.8,467.1,469.1,474.0,454.1,454.8,448.5,50.8,46.2,45.5,52.6,58.2,55.2,50.1,58.6,40.2,56.8,46.4,59.1,62.0,62.0,62.0,62.2,59.2,58.5,58.7,59.6,60.4,60.1,47.2,59.2,60.5,61.2,59.2,59.8,59.8
Ha Nam,Hà Nam,city/province,Red River Delta,"5,6",,"10,11",36.2,36.4,36.6,36.8,37.2,37.3,37.5,37.2,37.1,36.9,35.9,35.3,34.8,33.8,34.7,34.8,34.5,34.2,33.8,33.4,33.1,32.4,32.0,31.3,31.1,30.2,29.6,29.2,28.7,164.2,194.7,200.2,192.6,194.0,200.6,206.4,208.6,210.1,214.2,216.0,216.6,208.2,214.2,218.9,221.6,229.7,226.1,224.6,219.9,220.0,215.6,213.6,210.0,206.8,201.1,198.1,194.6,192.7,45.4,53.5,54.7,52.3,52.2,53.8,55.0,56.1,56.6,58.0,60.2,61.4,59.8,63.4,63.1,63.7,66.6,66.1,66.4,65.8,66.5,66.5,66.8,67.1,66.5,66.6,66.9,66.6,67.2,,,,,,,,,,,,,,,,,,,,,,,,,,,,,,,,,,,,,,,,,,,,,,,,,,,,,,,,,,,,,,,,,,,,,,,,,,,,,,,,,,,,,,,,36.7,36.3,37.0,37.5,37.9,38.1,38.1,37.9,37.6,36.9,36.4,36.0,35.9,35.9,35.7,35.5,35.3,34.8,34.4,34.0,33.7,33.2,32.5,31.9,31.0,30.3,29.9,29.3,28.8,135.3,112.6,143.1,166.8,189.4,185.0,189.6,196.2,178.0,185.2,158.8,188.2,198.9,202.1,200.2,195.8,194.9,198.4,170.5,181.7,185.6,179.9,152.8,176.3,177.8,175.1,172.9,169.0,166.8,36.9,31.0,38.7,44.5,50.0,48.6,49.8,51.8,47.3,50.2,43.6,52.3,55.4,55.4,56.1,55.2,55.2,57.0,49.6,53.4,55.1,54.2,47.0,55.3,57.4,57.8,57.8,57.7,57.9
Nam Dinh,Nam Định,city/province,Red River Delta,"5,6",,"10,11",80.9,81.1,81.7,81.9,81.9,82.4,82.1,81.3,80.9,79.9,78.3,77.6,77.0,76.9,78.3,78.1,78.1,77.7,76.5,76.3,76.1,75.7,74.5,73.9,73.5,72.5,71.8,71.0,70.4,435.8,516.8,531.3,532.7,537.0,554.9,553.4,555.7,556.3,556.5,547.7,547.6,516.9,519.4,528.8,532.5,537.2,535.2,527.8,527.5,526.8,525.5,517.3,514.0,509.8,503.3,499.0,493.2,489.3,53.9,63.7,65.0,65.0,65.6,67.3,67.4,68.4,68.8,69.6,69.9,70.6,67.1,67.5,67.5,68.2,68.8,68.9,69.0,69.1,69.2,69.4,69.4,69.6,69.4,69.4,69.5,69.5,69.5,,,,,,,,,,,,,,,,,,,,,,,,,,,,,,,,,,,,,,,,,,,,,,,,,,,,,,,,,,,,,,,,,,,,,,,,,,,,,,,,,,,,,,,,82.6,82.0,83.4,83.7,83.8,83.8,83.2,82.8,82.1,81.1,80.0,79.7,79.1,79.8,80.3,80.9,80.3,79.6,78.9,78.6,78.3,77.3,76.6,75.2,73.5,72.9,73.1,72.0,71.2,351.4,292.3,373.1,419.5,436.8,410.7,417.3,427.7,389.9,430.5,234.9,416.7,414.9,409.6,360.3,419.5,394.4,398.6,386.8,410.2,408.4,398.4,324.6,377.2,378.4,379.9,380.2,380.9,376.6,42.5,35.6,44.7,50.1,52.1,49.0,50.2,51.7,47.5,53.1,29.4,52.3,52.5,52.5,44.9,51.9,49.1,50.1,49.0,52.2,52.2,51.5,42.4,50.2,51.5,52.1,52.0,52.9,52.9
Ninh Binh,Ninh Bình,city/province,Red River Delta,"5,6",,"10,11",40.9,41.3,41.6,41.9,42.0,42.4,42.7,42.4,42.2,42.0,41.5,41.3,41.0,41.1,41.5,41.6,41.6,41.9,41.9,41.8,41.7,41.6,41.1,40.6,40.6,40.2,39.9,39.8,39.6,178.0,214.1,225.6,228.7,231.7,243.9,247.2,250.4,254.3,258.4,257.9,262.4,243.1,256.1,258.2,266.9,272.1,272.2,273.7,275.0,275.1,275.2,271.8,270.6,271.3,267.5,266.8,264.5,264.7,43.5,51.8,54.2,54.6,55.1,57.5,57.9,59.1,60.3,61.5,62.1,63.5,59.3,62.3,62.2,64.2,65.4,65.0,65.3,65.8,66.0,66.2,66.1,66.7,66.8,66.5,66.8,66.5,66.8,,,,,,,,,,,,,,,,,,,,,,,,,,,,,,,,,,,,,,,,,,,,,,,,,,,,,,,,,,,,,,,,,,,,,,,,,,,,,,,,,,,,,,,,39.4,26.1,39.3,39.7,40.2,40.6,40.5,40.1,39.7,39.4,38.6,38.5,38.2,39.3,39.8,39.5,39.2,39.3,39.0,38.6,37.6,37.1,36.6,35.0,33.0,31.7,31.8,31.4,31.2,138.8,62.8,149.2,176.6,196.8,182.7,193.2,205.5,173.5,202.1,139.2,202.5,201.5,211.8,225.9,218.6,215.8,218.2,187.2,209.3,200.3,192.9,165.2,186.6,177.3,171.5,173.2,173.2,169.0,35.2,24.1,38.0,44.5,49.0,45.0,47.7,51.2,43.7,51.3,36.1,52.6,52.7,52.7,56.8,55.3,55.1,55.5,48.0,54.2,53.3,52.0,45.1,53.3,53.7,54.1,54.5,55.2,54.2
Thanh Hoa,Thanh Hoá,city/province,Northern Central and Central Coastal areas,"4,5,6","8,9","10,11,12",113.4,114.2,116.9,117.6,114.9,118.9,120.0,119.6,120.2,118.6,118.3,119.0,118.7,117.9,121.3,121.3,122.1,122.6,122.5,124.0,124.6,123.4,122.2,119.5,118.2,116.2,115.3,114.3,113.7,437.6,458.1,560.1,533.0,557.6,631.9,660.8,676.6,687.3,709.2,711.5,736.5,657.1,711.5,729.8,727.1,768.5,788.4,759.9,800.1,785.1,795.3,794.6,797.2,772.0,748.9,770.5,737.4,762.7,38.6,40.1,47.9,45.3,48.5,53.1,55.1,56.6,57.2,59.8,60.1,61.9,55.4,60.3,60.2,59.9,62.9,64.3,62.0,64.5,63.0,64.4,65.0,66.7,65.3,64.4,66.8,64.5,67.1,,,,,,,,,,,,,,,,,,,,,,,,,,,,,,,,,,,,,,,,,,,,,,,,,,,,,,,,,,,,,,,,,,,,,,,,,,,,,,,,,,,,,,,,137.0,137.0,137.8,136.2,138.0,138.6,137.6,137.6,136.2,136.0,133.9,135.3,135.7,136.5,136.8,132.3,135.0,134.1,133.8,134.6,132.4,130.5,128.3,124.9,119.7,115.0,116.6,115.0,112.0,410.8,250.0,421.5,439.7,503.7,463.9,529.6,575.9,585.2,616.7,526.0,662.1,683.0,692.8,722.9,669.5,658.9,694.1,671.6,716.4,690.2,697.8,668.7,616.3,627.2,624.7,642.5,653.2,625.2,30.0,18.2,30.6,32.3,36.5,33.5,38.5,41.9,43.0,45.3,39.3,48.9,50.3,50.3,52.8,50.6,48.8,51.8,50.2,53.2,52.1,53.5,52.1,49.3,52.4,54.3,55.1,56.8,55.8
Nghe An,Nghệ An,city/province,Northern Central and Central Coastal areas,"4,5,6","8,9","10,11,12",79.1,78.6,80.1,80.7,72.7,82.1,84.4,85.0,85.2,83.7,83.5,84.3,84.1,84.5,86.3,87.5,88.4,88.7,88.7,90.2,91.7,91.5,92.1,92.4,92.4,92.3,91.7,91.5,91.3,306.3,303.7,354.6,351.8,334.2,423.5,452.7,488.5,493.7,501.2,494.6,529.5,464.0,517.2,542.0,540.9,576.6,577.4,543.2,595.6,569.7,601.1,606.7,622.9,611.4,613.7,629.9,607.6,628.3,38.7,38.6,44.3,43.6,46.0,51.6,53.6,57.5,57.9,59.9,59.2,62.8,55.2,61.2,62.8,61.8,65.2,65.1,61.2,66.0,62.1,65.7,65.9,67.4,66.2,66.5,68.7,66.4,68.8,44.8,42.3,48.4,48.9,48.5,51.3,52.9,53.5,55.9,57.3,55.7,59.5,59.6,56.9,65.6,58.2,54.3,59.4,59.9,59.3,55.6,54.6,59.5,59.0,60.3,59.1,61.8,60.2,57.0,143.8,112.2,181.0,157.7,199.0,208.4,208.9,232.5,234.0,264.3,218.4,271.7,281.0,292.7,285.8,201.3,251.9,268.2,271.3,281.6,275.0,270.2,289.8,263.8,242.5,264.2,318.0,309.9,291.7,32.1,26.5,37.4,32.2,41.0,40.6,39.5,43.5,41.9,46.1,39.2,45.7,47.1,51.4,43.6,34.6,46.4,45.2,45.3,47.5,49.5,49.5,48.7,44.7,40.2,44.7,51.4,51.5,51.2,64.3,64.0,59.4,54.6,55.2,53.4,51.8,49.8,46.0,41.5,41.0,38.4,37.5,41.7,32.5,37.7,43.3,38.0,35.6,38.4,39.3,39.9,37.0,35.0,29.0,28.9,25.9,21.4,20.8,122.3,113.4,121.0,98.6,101.1,121.7,119.5,115.5,112.4,115.1,109.1,110.1,101.8,124.4,71.0,86.4,131.4,124.2,115.6,135.3,134.1,136.1,118.6,122.4,92.2,96.4,95.3,78.0,82.2,19.0,17.7,20.4,18.1,18.3,22.8,23.1,23.2,24.4,27.7,26.6,28.7,27.1,27.1,21.8,22.9,30.3,32.7,32.5,35.2,34.1,34.1,32.1,35.0,31.8,33.4,36.8,36.5,39.6
Ha Tinh,Hà Tĩnh,city/province,Northern Central and Central Coastal areas,"4,5,6","8,9","10,11,12",55.2,55.4,56.0,55.2,55.0,55.2,55.7,55.9,55.4,54.8,54.5,54.6,54.5,53.3,53.8,53.6,54.0,54.8,55.4,56.6,57.9,58.2,58.9,59.2,59.5,59.3,59.5,59.8,59.4,175.6,186.7,200.5,193.1,220.2,235.3,232.0,257.8,273.7,282.8,277.1,280.5,236.7,266.0,270.4,268.6,284.6,293.6,303.9,317.5,312.9,328.7,241.9,333.7,331.2,325.4,349.8,333.6,354.0,31.8,33.7,35.8,35.0,40.0,42.6,41.7,46.1,49.4,51.6,50.8,51.4,43.4,49.9,50.3,50.1,52.7,53.6,54.9,56.1,54.0,56.5,41.1,56.4,55.7,54.9,58.8,55.8,59.6,31.6,33.4,33.8,32.2,33.9,36.2,38.9,39.9,40.4,38.1,35.4,39.2,38.9,40.6,41.7,41.4,41.7,41.9,41.3,42.8,42.0,44.0,44.5,43.1,43.6,44.0,45.0,44.5,44.6,93.0,101.4,119.8,88.4,132.8,133.4,156.0,171.7,169.3,177.6,155.3,176.6,115.0,186.1,188.2,142.6,180.6,183.3,171.5,189.7,203.9,199.9,199.8,200.5,174.3,207.9,229.8,224.1,224.1,29.4,30.4,35.4,27.5,39.2,36.9,40.1,43.0,42.0,46.6,43.9,45.1,29.6,45.8,45.1,34.4,43.3,43.7,41.5,44.3,48.5,45.4,44.9,46.5,40.0,47.3,51.1,50.4,50.3,20.4,19.6,19.5,15.2,17.1,15.9,13.7,12.3,9.0,9.3,8.6,8.0,7.5,6.6,5.0,4.1,3.4,2.6,2.0,1.7,1.8,1.2,0.7,0.5,0.5,0.5,0.5,0.4,0.3,39.9,28.0,38.4,24.1,24.8,27.0,26.1,16.6,19.6,24.8,21.8,19.7,12.0,14.4,9.2,3.2,5.7,5.4,3.6,4.2,4.7,1.8,1.1,1.1,1.2,0.8,0.9,0.7,0.5,19.6,14.3,19.7,15.9,14.5,17.0,19.1,13.5,21.8,26.7,25.3,24.6,16.0,16.0,18.4,7.8,16.8,20.8,18.0,24.7,26.1,15.0,15.7,22.0,24.0,16.0,18.0,17.8,15.9
Quang Binh,Quảng Bình,city/province,Northern Central and Central Coastal areas,"4,5,6","8,9","10,11,12",25.2,25.5,25.5,25.8,25.9,25.9,26.4,26.4,26.7,26.8,27.0,26.9,27.1,27.2,27.2,28.3,28.6,28.9,29.0,29.6,30.1,30.1,30.0,29.9,29.5,29.6,29.6,29.4,29.4,87.0,102.8,98.7,96.7,108.6,119.2,116.6,130.1,134.0,141.3,140.9,145.1,142.4,145.9,148.4,152.0,164.6,167.8,166.8,179.0,180.0,181.0,184.5,184.7,184.9,183.1,190.1,174.8,183.6,34.5,40.3,38.7,37.5,42.0,46.0,44.2,49.3,50.2,52.7,52.2,53.9,52.5,53.6,54.6,53.7,57.6,58.1,57.5,60.5,59.8,60.1,61.5,61.8,62.7,61.9,64.2,59.4,62.5,13.8,15.6,15.3,14.2,16.5,17.3,19.0,19.3,19.2,20.1,20.5,21.3,21.9,22.1,22.9,23.2,23.6,24.0,24.0,24.1,23.5,24.3,24.8,23.8,22.2,23.1,23.6,23.2,23.3,31.1,45.1,46.8,22.8,58.1,68.9,71.8,72.9,71.0,80.9,79.2,84.4,71.5,91.8,93.9,82.5,94.8,93.8,84.8,97.6,94.6,99.7,99.8,99.3,75.4,90.0,102.4,95.3,97.4,22.5,28.9,30.6,16.1,35.2,39.8,37.8,37.8,37.0,40.2,38.6,39.6,32.6,41.5,41.0,35.6,40.2,39.1,35.3,40.5,40.3,41.0,40.2,41.7,34.0,39.0,43.4,41.1,41.8,6.6,6.0,5.6,4.4,4.5,3.0,2.3,2.1,1.5,1.4,0.7,0.9,1.0,0.9,0.7,0.6,0.6,0.5,0.5,0.5,0.5,0.6,0.6,0.6,0.5,0.5,0.5,0.4,0.3,5.8,6.2,5.7,2.1,3.2,3.0,3.3,3.1,2.3,3.0,1.4,2.3,1.9,2.4,1.1,0.2,0.8,0.8,0.3,0.8,0.8,0.7,0.4,0.7,0.6,0.3,0.5,0.5,0.4,8.8,10.3,10.2,4.8,7.1,10.0,14.3,14.8,15.3,21.4,20.0,25.6,19.0,19.0,15.7,3.3,13.3,16.0,6.0,16.0,16.0,11.7,6.7,11.7,12.0,6.0,10.0,11.5,14.1
Quang Tri,Quảng Trị,city/province,Northern Central and Central Coastal areas,"4,5,6","8,9","10,11,12",20.4,20.4,21.0,21.2,21.5,22.0,22.5,22.8,23.0,23.0,23.2,23.1,23.1,23.2,23.8,23.8,24.3,24.7,25.4,25.6,25.6,25.7,25.8,26.0,26.0,26.1,25.9,26.1,26.2,68.0,85.3,85.4,80.8,94.3,102.3,98.3,114.1,113.4,120.0,115.8,122.0,119.3,114.0,121.6,121.6,130.4,132.8,127.1,143.0,138.5,146.3,146.2,151.8,152.1,153.3,158.2,107.1,160.7,33.3,41.8,40.7,38.1,43.9,46.5,43.7,50.0,49.3,52.2,49.9,52.8,51.6,49.1,51.1,51.1,53.7,53.8,50.0,55.9,54.1,56.9,56.7,58.4,58.5,58.7,61.0,41.1,61.4,15.5,16.5,16.7,15.6,18.0,18.0,18.6,18.7,18.7,18.4,16.9,18.4,18.7,19.4,21.2,21.2,21.6,21.9,22.3,22.3,20.1,22.2,22.5,22.7,22.6,22.6,22.6,22.8,22.6,48.3,50.7,60.7,35.7,77.7,81.6,78.7,81.7,81.5,86.2,76.3,84.5,87.4,97.0,89.0,89.0,91.9,105.5,94.8,113.6,99.0,114.9,95.2,121.6,119.3,121.2,119.3,126.8,128.9,31.2,30.7,36.3,22.9,43.2,45.3,42.3,43.7,43.6,46.8,45.1,45.9,46.7,50.0,42.0,42.0,42.5,48.2,42.5,50.9,49.3,51.8,42.3,53.6,52.8,53.6,52.8,55.6,57.2,6.4,6.3,5.9,5.9,5.2,5.9,5.8,5.6,5.4,5.2,4.8,4.4,4.5,4.5,3.1,3.1,2.6,2.4,2.4,2.3,2.0,1.9,2.0,2.0,1.9,2.0,1.7,1.6,1.5,4.7,5.0,4.7,4.2,3.3,7.4,7.8,8.1,7.9,8.1,7.9,7.0,6.8,7.3,2.4,2.4,2.4,2.3,2.2,2.1,1.9,1.9,2.0,2.1,1.9,1.9,1.8,1.7,1.7,7.3,7.9,8.0,7.1,6.3,12.5,13.4,14.5,14.6,15.6,16.5,15.9,15.1,15.1,7.7,7.7,9.2,9.6,9.2,9.1,9.5,10.0,10.0,10.5,10.0,9.5,10.6,10.8,11.3
Thua Thien Hue,Thừa Thiên Huế,city/province,Northern Central and Central Coastal areas,"4,5,6","8,9","10,11,12",26.0,26.2,26.3,26.2,26.4,26.5,26.6,26.6,26.7,26.3,25.9,25.7,25.7,25.8,26.9,27.5,27.4,27.4,27.6,27.7,27.9,27.9,28.6,28.6,28.9,28.5,28.4,28.1,28.0,90.5,103.7,107.7,102.0,111.6,111.8,102.3,122.0,130.7,133.1,118.3,138.3,138.5,141.5,149.0,154.4,153.0,155.8,159.1,167.4,167.6,169.5,178.3,178.2,180.8,170.7,191.8,126.8,184.9,34.8,39.6,41.0,38.9,42.3,42.2,38.5,45.9,49.0,50.6,45.7,53.8,53.9,54.8,55.4,56.1,55.8,56.9,57.6,60.4,60.1,60.8,62.3,62.3,62.6,59.9,67.6,45.1,66.0,21.5,22.3,22.7,23.0,24.0,24.1,24.3,24.6,24.4,24.3,24.0,24.0,24.0,24.4,25.5,25.6,25.5,25.6,25.4,25.4,25.9,26.0,25.6,25.5,25.5,25.4,25.4,24.4,25.2,75.1,82.3,87.9,85.2,104.1,84.0,101.8,88.0,104.2,112.5,116.0,113.4,120.2,132.2,132.5,129.8,145.0,142.0,124.7,148.7,150.7,153.8,148.0,155.1,145.2,149.1,150.3,139.5,149.5,34.9,36.9,38.7,37.0,43.4,34.9,41.9,35.8,42.7,46.3,48.3,47.3,50.1,54.2,52.0,50.7,56.9,55.5,49.1,58.5,58.2,59.2,57.8,60.8,56.9,58.7,59.3,57.2,59.3,1.0,1.0,1.1,0.6,0.6,0.7,0.7,0.7,0.6,0.7,0.6,0.6,0.6,0.7,0.7,0.6,0.6,0.8,0.7,0.6,0.6,0.6,0.7,0.6,0.4,0.4,0.2,0.2,0.2,1.0,0.9,1.0,0.4,0.3,0.7,0.7,0.9,0.9,1.0,0.7,0.9,0.9,1.1,1.1,1.0,1.1,1.2,1.1,1.0,1.0,1.0,1.1,1.1,0.7,0.4,0.3,0.4,0.4,10.0,9.0,9.1,6.7,5.0,10.0,10.0,12.9,15.0,14.3,11.7,15.0,15.0,15.0,15.7,16.7,18.3,15.0,15.7,16.7,16.7,16.7,15.7,18.3,17.5,10.0,15.0,18.0,17.6
Da Nang,Đà Nẵng,city/province,Northern Central and Central Coastal areas,"4,5,6","8,9","10,11,12",5.8,5.8,5.7,5.5,5.5,5.5,5.4,5.3,5.0,4.7,4.4,4.3,4.2,4.1,4.0,4.0,3.5,3.2,2.9,3.0,2.9,2.9,2.8,2.8,2.7,2.6,2.5,2.5,2.4,21.6,25.4,25.8,24.4,26.1,26.2,24.7,27.6,27.2,24.3,22.0,24.7,24.1,20.8,24.0,23.0,18.2,19.7,17.9,18.9,17.1,17.2,17.5,17.9,16.6,16.6,17.6,14.9,15.5,37.2,43.8,45.3,44.4,47.3,47.6,45.7,52.1,54.4,51.7,50.0,57.4,57.4,50.7,60.0,57.5,52.0,61.6,61.7,63.0,59.0,59.3,62.5,63.9,61.5,63.8,69.2,58.9,65.4,2.0,2.0,1.9,1.8,1.5,0.7,0.4,0.6,0.1,0.0,0.0,0.0,0.0,0.0,0.0,0.0,0.0,0.0,0.0,0.0,0.0,0.0,0.0,0.0,0.0,0.0,0.0,0.0,0.0,9.7,9.8,9.1,8.0,7.0,3.1,1.7,2.5,0.4,0.0,0.0,0.0,0.0,0.0,0.0,0.0,0.0,0.0,0.0,0.0,0.0,0.0,0.0,0.0,0.0,0.0,0.0,0.0,0.0,48.5,49.0,47.9,44.4,46.7,44.3,42.5,41.7,40.0,0.0,0.0,0.0,0.0,0.0,0.0,0.0,0.0,0.0,0.0,0.0,0.0,0.0,0.0,0.0,0.0,0.0,0.0,0.0,0.0,5.6,5.6,5.9,5.0,5.2,5.0,5.3,4.3,4.4,4.3,3.6,3.8,3.8,3.9,3.8,3.3,3.0,2.7,2.5,2.5,2.5,2.5,2.4,2.4,2.4,2.2,2.2,2.3,2.2,22.5,23.3,22.4,19.2,20.8,22.9,25.8,19.1,22.2,23.5,19.8,21.6,21.1,21.8,18.0,18.1,16.2,15.6,13.4,15.0,14.5,15.0,13.9,14.1,14.2,13.8,14.3,13.2,13.0,40.2,41.6,38.0,38.4,40.0,45.8,48.7,44.4,50.5,54.7,55.0,56.8,55.5,55.9,47.4,54.8,54.0,57.8,53.6,60.0,58.0,60.0,57.9,58.8,59.2,62.7,65.0,57.2,59.2
Quang Nam,Quảng Nam,city/province,Northern Central and Central Coastal areas,"4,5,6","8,9","10,11,12",42.3,42.0,41.5,41.5,41.4,41.2,42.1,42.5,42.7,42.1,41.3,40.8,40.4,40.8,41.9,42.3,42.9,43.3,43.1,43.6,43.5,43.0,42.7,42.5,42.2,41.9,41.5,41.6,41.5,113.9,134.4,136.3,138.0,144.4,147.2,162.3,190.1,200.8,190.6,185.4,200.0,202.8,172.8,216.6,214.0,201.9,236.8,238.2,247.7,240.4,219.1,240.8,246.6,244.2,246.5,256.4,233.3,253.6,26.9,32.0,32.8,33.3,34.9,35.7,38.6,44.7,47.0,45.3,44.9,49.0,50.2,42.4,51.7,50.6,47.1,54.7,55.3,56.8,55.3,51.0,56.4,58.0,57.9,58.8,61.7,56.1,61.2,19.2,19.0,18.2,16.3,15.8,8.2,1.1,0.3,0.2,0.2,0.0,0.0,0.0,0.0,0.0,0.0,0.0,0.0,0.0,0.0,0.0,0.0,0.0,0.0,0.0,0.0,0.0,0.0,0.0,75.9,78.0,74.7,66.2,63.1,31.2,4.1,1.1,0.8,0.6,0.0,0.0,0.0,0.0,0.0,0.0,0.0,0.0,0.0,0.0,0.0,0.0,0.0,0.0,0.0,0.0,0.0,0.0,0.0,39.5,41.1,41.0,40.6,39.9,38.0,37.3,36.7,40.0,30.0,0.0,0.0,0.0,0.0,0.0,0.0,0.0,0.0,0.0,0.0,0.0,0.0,0.0,0.0,0.0,0.0,0.0,0.0,0.0,44.7,44.9,46.2,44.7,45.7,45.1,45.8,45.2,44.4,44.1,43.1,42.8,43.7,45.1,44.7,43.0,44.8,45.3,44.8,43.8,45.0,43.7,44.1,43.7,42.7,41.6,41.1,41.6,41.4,118.6,123.0,120.6,127.8,137.2,151.5,164.0,152.6,179.5,192.8,181.5,185.1,192.3,207.8,177.8,198.7,216.0,210.5,202.1,219.2,220.8,222.6,220.3,216.0,208.1,205.5,205.9,204.1,213.7,26.5,27.4,26.1,28.6,30.0,33.6,35.8,33.8,40.4,43.7,42.1,43.2,44.0,46.1,39.8,46.2,48.2,46.5,45.1,50.0,49.1,50.9,50.0,49.4,48.7,49.4,50.1,49.1,51.6
Quang Ngai,Quảng Ngãi,city/province,Northern Central and Central Coastal areas,"4,5,6","8,9","10,11,12",34.3,34.1,34.6,34.3,34.2,33.9,35.5,35.5,36.4,36.6,36.7,36.8,36.7,36.3,36.6,37.0,37.0,37.6,38.9,38.6,39.3,39.1,38.8,38.4,38.2,38.0,38.0,38.4,38.1,96.5,118.8,127.4,124.4,134.2,137.2,146.9,162.5,183.8,180.9,186.0,192.4,197.7,159.6,197.1,205.5,187.3,211.3,221.0,228.7,231.1,209.4,231.0,232.6,232.4,230.5,243.0,232.7,233.3,28.1,34.8,36.8,36.3,39.2,40.5,41.4,45.8,50.5,49.4,50.7,52.3,53.9,44.0,53.9,55.5,50.6,56.2,56.8,59.2,58.8,53.6,59.5,60.6,60.8,60.7,63.9,60.5,61.2,24.3,24.1,24.1,23.6,24.3,24.6,23.7,24.8,25.5,27.4,27.2,27.7,27.1,31.4,31.7,31.7,31.9,33.2,33.9,32.9,33.8,34.3,34.3,34.2,33.4,31.3,34.0,35.2,34.9,90.6,97.9,97.7,93.2,105.3,102.9,101.0,106.6,128.3,148.7,151.0,151.7,152.4,178.0,165.0,175.4,183.1,188.4,186.7,187.9,188.9,200.0,201.0,201.0,193.6,182.7,196.2,200.6,207.7,37.3,40.6,40.5,39.5,43.3,41.8,42.6,43.0,50.3,54.3,55.5,54.8,56.2,56.7,52.1,55.3,57.4,56.7,55.1,57.1,55.9,58.3,58.6,58.8,58.0,58.4,57.8,57.0,59.5,28.9,31.3,31.3,29.7,30.7,28.0,20.2,20.9,18.4,11.2,10.4,10.6,10.2,6.1,4.2,4.0,3.6,2.7,2.0,2.3,2.6,2.4,2.4,2.2,1.8,1.9,1.1,1.2,1.3,64.8,84.4,64.0,88.3,95.4,71.6,57.6,60.4,53.3,32.9,30.1,32.8,31.2,16.8,7.9,10.3,10.0,7.1,4.6,5.9,7.5,6.9,6.8,6.7,5.3,5.6,2.4,2.5,2.8,22.4,27.0,20.4,29.7,31.1,25.6,28.5,28.9,29.0,29.4,28.9,30.9,30.6,27.5,18.8,25.8,27.8,26.3,23.0,25.7,28.8,28.8,28.3,30.5,29.4,29.5,21.8,21.2,21.5
Binh Dinh,Bình Định,city/province,Northern Central and Central Coastal areas,"4,5,6","8,9","10,11,12",45.0,45.9,45.8,45.8,46.1,46.5,47.3,47.3,47.2,47.0,46.8,47.2,46.9,47.3,47.5,47.7,47.8,47.7,45.7,47.8,48.1,48.5,47.3,48.2,48.2,48.2,47.8,47.6,46.9,175.0,175.5,205.1,187.8,214.6,217.5,227.7,249.0,238.8,235.7,265.7,264.4,257.2,262.8,278.7,295.5,298.1,300.5,289.7,324.5,330.0,320.3,320.4,331.9,336.4,338.9,341.5,331.9,337.0,38.9,38.2,44.8,41.0,46.5,46.8,48.1,52.6,50.6,50.1,56.8,56.0,54.8,55.6,58.7,61.9,62.4,63.0,63.4,67.9,68.6,66.0,67.7,68.9,69.8,70.3,71.5,69.7,71.9,35.2,38.4,38.2,35.6,40.0,40.9,41.0,36.5,39.7,39.3,33.7,40.2,36.7,40.4,41.6,41.3,42.4,42.9,38.2,42.4,42.3,40.6,43.6,43.7,42.8,38.1,41.3,42.7,41.6,132.5,152.8,146.2,129.7,167.4,174.2,176.6,153.4,181.1,173.6,151.5,206.0,203.4,237.2,238.2,234.3,252.1,256.6,231.1,250.2,259.9,259.4,280.3,280.5,271.8,246.0,266.5,280.5,281.8,37.6,39.8,38.3,36.4,41.9,42.6,43.1,42.0,45.6,44.2,45.0,51.2,55.4,58.7,57.3,56.7,59.5,59.8,60.5,59.0,61.4,63.9,64.3,64.2,63.5,64.6,64.6,65.7,67.8,38.3,39.7,38.0,38.9,40.0,39.5,40.5,34.7,38.9,39.1,31.2,33.6,28.4,27.4,24.9,24.1,22.2,20.6,18.6,16.1,15.3,13.4,14.2,11.7,9.0,7.9,7.0,4.3,4.3,94.8,110.9,96.2,120.2,122.7,131.3,142.2,114.7,138.0,161.0,110.1,137.4,118.5,119.0,87.4,103.4,99.1,94.7,86.0,75.0,67.9,59.2,65.7,54.1,35.1,32.4,30.1,19.5,20.2,24.8,27.9,25.3,30.9,30.7,33.2,35.1,33.1,35.5,41.2,35.3,40.9,41.7,43.4,35.1,42.9,44.6,46.0,46.2,46.6,44.4,44.2,46.3,46.2,39.0,41.0,43.0,45.4,46.6
Phu Yen,Phú Yên,city/province,Northern Central and Central Coastal areas,"4,5,6","8,9","10,11,12",23.1,23.7,23.9,24.3,24.5,24.5,25.3,25.1,25.2,25.4,25.3,25.3,25.5,25.6,25.7,26.1,26.4,26.3,26.9,26.9,26.9,26.9,26.8,26.9,26.6,26.5,26.6,26.8,26.7,114.3,135.5,141.2,122.7,138.5,128.0,129.6,154.8,152.4,152.1,154.4,140.5,165.8,118.1,163.4,175.2,156.9,166.6,181.7,188.7,195.6,182.1,185.1,202.6,197.8,198.7,207.1,174.2,198.0,49.5,57.2,59.1,50.5,56.6,52.2,51.2,61.7,60.5,59.9,61.0,55.5,65.0,46.1,63.6,67.1,59.4,63.3,67.5,70.1,72.7,67.7,69.1,75.3,74.4,75.0,77.8,65.1,74.1,21.3,21.7,21.7,21.7,22.8,23.0,23.4,22.8,23.7,24.0,22.7,23.6,23.4,23.7,24.0,23.8,24.4,24.5,25.0,24.4,24.5,24.8,24.9,24.8,24.7,24.1,24.6,24.9,24.8,109.3,112.1,118.6,113.4,125.1,128.9,134.9,115.0,140.5,146.7,137.6,146.8,138.4,156.1,151.7,153.7,167.2,158.4,162.5,157.7,162.8,174.5,171.3,171.8,160.1,176.1,167.5,173.2,173.7,51.3,51.7,54.7,52.3,54.9,56.0,57.6,50.4,59.3,61.1,60.6,62.2,59.1,65.9,63.2,64.6,68.5,64.7,65.0,64.6,66.4,70.4,68.8,69.3,64.8,73.1,68.2,69.5,70.2,14.5,12.5,10.4,14.8,12.2,10.2,10.8,10.4,10.2,10.1,10.3,9.0,7.7,7.4,7.0,6.6,6.6,6.3,5.9,5.7,5.8,5.8,5.2,4.9,4.1,4.2,4.0,3.8,3.7,33.0,25.8,22.1,32.6,25.6,20.7,16.1,24.7,25.3,25.5,23.5,26.9,17.8,20.4,11.7,17.9,20.1,21.0,19.6,18.6,19.7,19.6,18.0,17.8,15.0,15.5,15.7,15.0,14.9,22.8,20.6,21.3,22.0,21.0,20.3,14.9,23.8,24.8,25.2,22.8,29.9,23.1,27.6,16.7,27.1,30.5,33.3,33.2,32.6,34.0,33.8,34.6,36.3,36.6,36.9,39.3,39.6,40.6
Khanh Hoa,Khánh Hoà,city/province,Northern Central and Central Coastal areas,"4,5,6","8,9","10,11,12",13.8,13.9,15.6,15.5,16.0,16.5,16.5,17.5,17.1,17.4,13.7,17.8,17.1,19.1,19.1,19.5,19.5,19.9,20.4,20.7,20.0,19.5,20.0,20.1,20.1,19.7,19.9,19.9,19.5,57.7,65.9,74.5,72.0,76.9,77.6,81.2,94.8,87.8,94.7,77.8,88.5,91.5,105.0,108.9,113.9,110.8,111.3,123.3,132.6,127.5,121.0,119.2,127.1,130.3,128.4,138.1,128.6,124.2,41.8,47.4,47.8,46.5,48.0,47.0,49.2,54.2,51.3,54.4,56.8,49.7,53.5,55.0,57.0,58.4,56.8,55.9,60.4,64.1,63.8,62.1,59.6,63.2,64.8,65.2,69.3,64.6,63.8,14.5,18.4,15.9,14.5,16.6,17.8,17.9,13.0,17.7,17.5,9.9,18.0,13.7,18.1,18.6,17.4,18.7,19.1,18.7,17.0,8.8,13.6,18.5,18.2,18.1,6.8,18.0,17.9,18.2,58.3,69.7,71.8,68.3,77.6,83.5,83.9,44.9,84.8,86.1,38.1,84.1,68.4,93.2,97.2,92.7,105.3,106.3,107.3,97.9,50.1,79.9,106.1,105.2,101.7,38.9,106.0,106.2,111.5,40.2,37.9,45.2,47.1,46.7,46.9,46.9,34.5,47.9,49.2,38.5,46.7,49.9,51.5,52.3,53.3,56.3,55.7,57.4,57.6,56.9,58.8,57.4,57.8,56.2,57.2,58.8,59.3,61.3,9.7,10.2,10.8,11.1,12.3,11.4,11.8,12.8,11.5,10.7,11.2,11.2,10.3,8.5,8.2,7.3,7.0,8.1,7.5,7.9,5.4,6.8,9.0,8.3,7.4,6.9,7.3,5.5,7.4,26.0,23.6,26.2,28.3,21.8,26.1,26.8,37.2,33.2,21.1,24.4,31.5,33.9,17.0,22.1,24.4,25.1,28.9,27.4,30.8,22.2,26.2,29.4,28.7,27.3,24.6,28.4,22.2,30.4,26.8,23.1,24.3,25.5,17.7,22.9,22.7,29.1,28.9,19.7,21.8,28.1,32.9,20.0,27.0,33.4,35.9,35.7,36.5,39.0,41.1,38.5,32.7,34.6,36.9,35.7,38.9,40.3,41.0
Ninh Thuan,Ninh Thuận,city/province,Northern Central and Central Coastal areas,"4,5,6","8,9","10,11,12",9.6,8.1,10.2,9.3,11.5,11.4,11.4,11.1,11.4,11.4,4.6,12.2,10.2,12.0,13.2,13.1,14.3,14.3,15.0,16.0,12.8,14.8,16.7,17.0,17.1,12.0,17.4,17.9,17.2,44.3,39.8,49.0,45.8,65.7,62.8,58.4,60.8,59.6,60.1,23.9,74.6,62.7,75.9,79.7,79.6,90.1,86.1,92.4,110.9,85.8,96.5,105.6,109.5,111.2,79.8,118.5,118.3,114.9,46.1,49.1,48.0,49.2,57.3,55.1,51.2,54.8,52.3,52.7,52.0,61.1,61.5,63.3,60.4,60.8,63.0,60.2,61.6,69.3,67.0,65.2,63.2,64.4,65.0,66.5,68.1,66.2,66.7,8.4,10.0,10.3,9.6,11.1,10.7,8.9,8.0,9.2,10.6,5.6,10.5,11.1,12.9,13.7,11.1,14.3,14.5,13.7,12.8,11.6,12.4,17.0,14.4,14.8,11.0,14.6,15.7,16.3,36.7,40.8,46.2,45.2,55.0,51.4,40.0,30.3,43.1,53.6,27.8,52.7,58.9,68.3,79.3,60.0,84.7,86.0,78.8,81.6,73.5,75.5,100.4,86.2,88.5,69.7,90.4,96.8,100.9,43.7,40.8,44.9,47.1,49.5,48.0,44.9,37.9,46.8,50.6,49.6,50.2,53.1,52.9,57.9,54.1,59.2,59.3,57.5,63.8,63.4,60.9,59.1,59.9,59.8,63.4,62.2,61.6,62.0,12.2,11.6,11.1,11.1,12.8,11.9,11.8,11.2,11.7,11.9,6.8,11.5,12.1,13.0,12.3,13.6,10.2,12.7,14.9,14.0,12.9,14.2,14.7,11.5,12.5,9.6,12.2,11.9,13.5,44.2,43.3,42.5,40.0,39.6,31.5,36.8,47.2,35.2,43.9,28.2,43.8,51.6,56.1,54.6,48.4,48.4,64.7,75.9,75.2,65.2,39.8,70.6,47.6,63.1,51.4,65.4,65.2,73.6,36.2,37.3,38.3,36.0,30.9,26.5,31.2,42.1,30.1,36.9,41.5,38.1,42.6,43.2,44.4,35.6,47.5,50.9,50.9,53.7,50.5,28.0,48.0,41.4,50.5,53.5,53.6,54.7,54.6
Binh Thuan,Bình Thuận,city/province,Northern Central and Central Coastal areas,"4,5,6","8,9","10,11,12",5.3,7.7,8.9,10.9,16.4,19.4,18.6,15.9,16.0,17.3,10.6,21.1,20.5,27.1,23.8,29.9,31.2,32.6,33.6,35.9,34.4,22.4,35.0,37.6,37.0,22.2,36.5,39.5,39.4,21.4,31.0,34.9,41.6,69.5,75.3,77.3,67.0,70.3,78.3,51.9,97.1,101.8,140.1,126.9,172.3,191.3,195.1,201.1,221.0,217.6,143.1,218.3,244.0,241.7,148.4,245.1,263.7,263.5,40.4,40.3,39.2,38.2,42.4,38.8,41.6,42.1,43.9,45.3,49.0,46.0,49.7,51.7,53.3,57.6,61.3,59.8,59.9,61.6,63.3,63.9,62.4,64.9,65.3,66.8,67.1,66.8,66.9,19.4,21.2,22.9,23.3,28.4,30.0,30.1,29.4,31.3,31.4,30.3,33.9,35.6,38.6,38.7,38.7,40.2,40.6,40.8,42.2,40.5,41.1,44.9,43.9,39.2,43.6,42.9,38.5,40.8,77.2,76.8,86.9,89.2,84.3,117.7,120.9,110.5,133.0,144.2,138.2,131.6,168.4,181.2,189.9,188.5,224.7,223.9,224.4,234.1,224.1,231.3,259.7,229.2,212.8,248.0,247.6,229.6,233.6,39.8,36.2,37.9,38.3,29.7,39.2,40.2,37.6,42.5,45.9,45.6,38.8,47.3,46.9,49.1,48.7,55.9,55.1,55.0,55.5,55.3,56.3,57.8,52.2,54.3,56.9,57.7,59.6,57.2,40.6,42.3,43.8,44.1,42.9,43.7,42.4,42.0,38.0,39.5,40.6,41.4,40.3,35.3,40.8,38.6,39.9,40.0,40.9,41.6,40.1,40.0,44.3,43.7,42.5,43.9,44.1,42.5,43.1,110.6,123.6,133.0,143.9,125.3,128.5,137.1,152.8,131.6,124.3,143.3,132.3,164.9,148.6,188.8,174.7,186.3,201.1,213.1,218.3,223.2,223.9,239.8,236.2,235.0,244.9,245.2,242.8,253.6,27.2,29.2,30.4,32.6,29.2,29.4,32.3,36.4,34.6,31.5,35.3,32.0,40.9,42.1,46.3,45.3,46.7,50.3,52.1,52.5,55.7,56.0,54.1,54.1,55.3,55.8,55.6,57.1,58.9
Kon Tum,Kon Tum,city/province,Central Highlands,"3,4,5,6","8,9","10,11,12",3.1,3.4,3.3,3.6,3.6,4.0,4.8,5.1,5.4,5.9,6.2,6.4,6.5,6.8,7.0,6.5,6.6,6.9,7.1,7.2,7.6,7.4,7.1,7.1,7.1,7.1,7.1,7.3,7.3,12.2,15.0,14.9,14.7,13.4,16.3,19.8,21.2,22.1,23.8,22.8,26.3,28.1,29.1,30.9,30.3,27.4,31.4,31.6,33.0,35.8,30.8,32.9,33.6,34.2,33.5,35.4,36.4,36.6,39.4,44.1,45.2,40.8,36.9,40.8,41.3,41.6,40.9,40.3,36.8,41.1,43.2,42.8,44.1,46.6,41.5,45.5,44.5,45.8,47.1,41.6,46.3,47.3,48.2,47.2,49.7,50.0,50.2,,,,,,,,,,,,,,,,,,,,,,,,,,,,,,,,,,,,,,,,,,,,,,,,,,,,,,,,,,,,,,,,,,,,,,,,,,,,,,,,,,,,,,,,16.2,15.5,15.8,15.3,15.7,16.9,16.5,15.7,15.6,16.5,17.1,16.8,16.7,16.6,16.8,15.9,16.0,16.4,16.3,16.4,16.8,16.8,16.9,16.6,16.6,16.2,16.2,15.6,15.4,28.7,26.2,30.0,27.6,31.4,35.5,36.8,38.3,39.8,43.6,43.0,44.6,46.6,48.3,46.5,47.4,49.6,52.4,52.1,52.6,55.8,56.3,58.2,58.0,59.2,56.8,61.4,60.7,63.7,17.7,16.9,19.0,18.0,20.0,21.0,22.3,24.4,25.5,26.4,25.1,26.5,27.9,29.1,27.7,29.8,31.0,32.0,32.0,32.1,33.2,33.5,34.4,34.9,35.7,35.1,37.9,38.9,41.2
Gia Lai,Gia Lai,city/province,Central Highlands,"3,4,5,6","8,9","10,11,12",7.4,8.2,10.0,11.1,13.0,14.2,15.3,17.0,18.5,19.5,19.5,20.9,21.5,22.3,23.1,24.0,24.4,25.4,25.7,26.3,26.3,23.4,25.0,25.3,25.6,25.9,26.0,26.7,26.8,35.0,36.7,48.7,44.6,60.4,72.0,77.5,80.1,94.5,100.7,95.2,117.5,120.1,125.9,128.7,135.0,112.6,146.2,138.5,152.2,133.4,111.1,140.9,145.6,153.1,155.5,159.1,165.0,162.3,47.3,44.8,48.7,40.2,46.4,50.7,50.7,47.1,51.1,51.6,48.8,56.2,55.9,56.5,55.7,56.3,46.1,57.6,53.9,57.9,50.7,47.5,56.4,57.5,59.8,60.0,61.3,61.7,60.5,,,,,,,,,,,,,,,,,,,,,,,,,,,,,,,,,,,,,,,,,,,,,,,,,,,,,,,,,,,,,,,,,,,,,,,,,,,,,,,,,,,,,,,,47.4,46.1,47.6,44.4,42.8,45.0,45.9,45.8,45.4,44.2,44.9,47.8,46.1,46.1,46.8,46.4,46.1,48.0,48.3,48.9,48.9,49.4,49.6,49.4,48.4,49.8,49.1,49.2,49.7,80.9,84.4,80.5,82.3,88.1,103.1,122.7,116.7,132.3,121.3,138.5,163.7,159.1,166.9,159.5,175.1,180.7,186.4,192.0,197.9,199.7,207.8,214.0,216.5,220.1,229.5,225.6,237.2,239.8,17.1,18.3,16.9,18.5,20.6,22.9,26.7,25.5,29.1,27.4,30.8,34.2,34.5,36.2,34.1,37.7,39.2,38.8,39.8,40.5,40.8,42.1,43.1,43.8,45.5,46.1,45.9,48.2,48.2
Dak Lak,Đắk Lắk,city/province,Central Highlands,"3,4,5,6","8,9","10,11,12",14.6,13.9,15.4,15.2,16.8,18.8,21.6,23.6,24.9,22.7,17.0,25.1,24.3,26.7,28.2,29.8,31.2,33.0,32.4,36.9,35.7,34.2,39.6,41.1,41.2,42.5,44.7,45.8,47.0,49.4,55.7,73.3,50.8,81.1,96.1,117.9,108.3,125.7,121.9,63.6,158.0,141.3,139.0,180.5,190.2,187.5,209.3,202.6,256.2,230.2,209.5,275.9,308.7,308.7,313.3,330.4,342.0,352.5,33.8,40.1,47.6,33.4,48.4,51.1,54.6,45.9,50.5,53.7,37.4,62.9,58.1,52.1,64.0,63.8,60.1,63.4,62.5,69.4,64.5,61.3,69.7,75.1,74.9,73.7,73.9,74.7,75.0,,,,,,,,,,,,,,,,,,,,,,,,,,,,,,,,,,,,,,,,,,,,,,,,,,,,,,,,,,,,,,,,,,,,,,,,,,,,,,,,,,,,,,,,54.4,47.6,46.3,43.7,42.3,45.2,44.2,45.8,49.3,41.9,40.4,44.7,45.9,49.1,48.5,50.3,53.3,54.4,57.9,57.5,57.7,59.7,61.9,64.2,63.8,65.1,67.0,68.1,69.4,142.5,141.6,141.8,121.7,139.3,161.7,154.9,140.2,204.5,185.2,172.7,214.5,182.2,230.3,241.1,260.5,286.8,281.3,311.5,321.6,325.6,340.7,367.6,388.8,395.1,403.1,425.8,438.7,458.4,26.2,29.7,30.6,27.8,32.9,35.8,35.0,30.6,41.5,44.2,42.7,48.0,39.7,46.9,49.7,51.8,53.8,51.7,53.8,55.9,56.4,57.1,59.4,60.6,61.9,61.9,63.6,64.4,66.1
Dak Nong,Đắk Nông,city/province,Central Highlands,"3,4,5,6","8,9","10,11,12",0.0,0.0,0.0,0.0,0.0,0.0,0.0,0.0,0.0,3.5,3.2,3.5,3.6,3.9,4.2,4.1,4.5,4.5,4.4,4.6,4.7,4.4,4.9,4.6,4.8,4.9,5.0,5.0,5.1,0.0,0.0,0.0,0.0,0.0,0.0,0.0,0.0,0.0,17.1,14.6,18.6,20.0,22.0,24.8,24.2,24.9,26.5,24.8,28.6,28.9,25.9,29.4,29.3,29.8,30.9,32.8,33.3,31.4,0.0,0.0,0.0,0.0,0.0,0.0,0.0,0.0,0.0,48.9,45.6,53.1,55.6,56.4,59.0,59.0,55.3,58.9,56.4,62.2,61.5,58.9,60.0,63.7,62.1,63.1,65.5,66.1,61.0,,,,,,,,,,,,,,,,,,,,,,,,,,,,,,,,,,,,,,,,,,,,,,,,,,,,,,,,,,,,,,,,,,,,,,,,,,,,,,,,,,,,,,,,0.0,0.0,0.0,0.0,0.0,0.0,0.0,0.0,0.0,8.4,10.1,8.6,7.8,7.6,7.6,7.0,7.8,7.8,7.9,8.0,7.9,8.0,8.1,8.6,8.0,7.8,8.0,7.9,7.9,0.0,0.0,0.0,0.0,0.0,0.0,0.0,0.0,0.0,29.2,37.2,33.5,29.7,30.1,36.4,37.6,40.0,42.1,41.8,44.9,44.2,46.5,45.2,49.4,47.2,46.6,48.9,49.6,49.3,0.0,0.0,0.0,0.0,0.0,0.0,0.0,0.0,0.0,34.8,36.8,39.0,38.1,39.6,47.9,53.7,51.3,54.0,52.9,56.1,55.9,58.1,55.8,57.4,59.0,59.7,61.1,62.7,62.4
Lam Dong,Lâm Đồng,city/province,Central Highlands,"3,4,5,6","8,9","10,11,12",5.0,5.4,6.4,6.7,7.4,7.8,8.7,9.4,9.4,9.5,8.6,9.1,9.1,9.4,10.2,10.8,11.2,10.9,10.5,10.6,10.5,9.7,9.9,9.4,9.4,9.1,9.3,9.1,8.8,15.7,18.1,24.6,18.5,25.9,30.1,35.0,26.2,32.5,39.6,27.1,39.5,40.1,44.2,48.0,48.1,53.9,55.1,52.4,53.8,53.6,47.1,50.8,50.7,52.5,50.0,54.9,52.7,51.0,31.4,33.5,38.4,27.6,35.1,38.6,40.2,27.9,34.6,41.7,31.5,43.4,44.1,47.0,47.1,44.5,48.1,50.6,49.9,50.8,51.0,48.6,51.3,53.9,55.9,54.9,59.3,58.2,58.0,0.0,0.0,8.6,5.2,5.6,5.9,5.2,5.4,5.4,5.8,6.0,5.6,5.9,6.0,6.3,5.9,6.2,6.3,6.2,6.2,6.4,5.6,6.1,5.9,5.9,5.9,5.8,5.4,5.3,0.0,0.0,19.0,13.4,11.4,17.0,14.4,13.2,18.6,21.4,24.5,21.9,25.5,26.0,26.8,24.7,27.9,30.7,30.2,30.7,32.0,29.1,32.2,33.1,29.0,32.0,32.2,29.7,28.6,0.0,0.0,22.1,25.8,20.4,28.8,27.7,24.4,34.4,36.9,40.8,39.1,43.2,43.3,42.5,41.9,45.0,48.7,48.7,49.5,50.0,52.0,52.8,56.1,49.2,54.2,55.7,54.7,53.8,25.1,16.0,16.6,19.5,18.8,19.0,18.6,18.8,20.0,20.0,19.2,18.0,17.8,16.8,16.9,17.1,16.9,16.1,15.7,15.2,15.0,14.7,14.3,13.4,12.9,12.6,12.1,11.8,11.2,65.1,49.6,52.8,63.0,61.4,55.0,67.2,62.4,78.1,77.6,78.1,42.3,73.6,73.4,75.9,69.0,76.4,77.4,73.7,73.5,70.6,69.2,68.5,66.1,65.8,62.5,59.8,60.1,57.6,25.9,31.0,31.8,32.3,32.7,28.9,36.1,33.2,39.1,38.8,40.7,23.5,41.3,43.7,44.9,40.4,45.2,48.1,46.9,48.4,47.1,47.1,47.9,49.3,51.0,49.6,49.4,51.0,51.4
Binh Phuoc,Bình Phước,city/province,South East,"3,4,5,6","8,9","10,11,12",1.3,1.4,1.3,1.8,1.6,2.0,2.7,2.7,3.1,3.3,2.9,2.9,2.9,2.9,3.1,2.9,2.7,3.6,3.3,3.3,3.2,3.1,3.3,3.5,3.3,3.0,2.8,2.8,2.8,3.2,3.8,3.4,2.6,4.4,5.6,7.4,6.3,8.2,8.7,6.5,8.3,8.4,9.7,10.1,9.8,9.4,12.2,11.5,11.0,11.0,9.2,10.8,13.4,13.3,11.2,10.8,11.3,11.6,24.6,27.1,26.2,14.4,27.6,28.0,27.4,23.3,26.5,26.4,22.4,28.6,29.0,33.4,32.6,33.8,34.8,33.9,34.8,33.3,34.4,29.7,32.7,38.3,40.3,37.3,38.7,39.9,41.1,,,,,,,,,,,,,,,,,,,,,,,,,,,,,,,,,,,,,,,,,,,,,,,,,,,,,,,,,,,,,,,,,,,,,,,,,,,,,,,,,,,,,,,,25.0,20.6,22.5,17.5,17.3,13.9,11.4,12.4,12.4,12.2,11.6,11.6,10.7,11.4,11.7,11.7,10.7,11.0,10.3,9.7,9.6,9.1,8.9,8.6,8.2,8.2,7.8,7.7,7.8,37.1,30.9,36.9,28.6,29.7,24.0,25.8,28.9,30.6,31.1,33.0,26.5,32.8,31.8,35.4,36.2,33.5,35.0,33.4,31.6,31.4,30.2,28.8,29.2,27.0,30.4,27.5,28.4,29.8,14.8,15.0,16.4,16.3,17.2,17.3,22.6,23.3,24.7,25.5,28.4,22.8,30.7,27.9,30.3,30.9,31.3,31.8,32.4,32.6,32.7,33.2,32.4,34.0,32.9,37.1,35.3,36.8,38.2
Tay Ninh,Tây Ninh,city/province,South East,"3,4,5,6","8,9","10,11,12",24.2,27.4,32.7,33.0,43.8,44.7,47.0,45.1,44.5,43.4,37.3,39.5,40.0,41.9,43.6,45.9,45.8,47.6,44.6,42.6,44.4,43.2,44.6,46.3,48.4,46.1,46.4,47.5,47.7,80.3,111.6,117.0,111.5,161.0,173.1,178.9,190.7,189.2,192.0,185.3,193.2,198.0,216.8,220.0,234.4,244.6,255.9,244.2,241.0,255.1,250.6,258.1,273.6,281.1,265.5,267.9,277.0,281.8,33.2,40.7,35.8,33.8,36.8,38.7,38.1,42.3,42.5,44.2,49.7,48.9,49.5,51.7,50.5,51.1,53.4,53.8,54.8,56.6,57.5,58.0,57.9,59.1,58.1,57.6,57.8,58.3,59.1,29.1,34.3,33.2,34.9,45.7,51.5,45.1,48.2,50.8,48.2,42.7,42.2,46.2,51.1,53.0,51.9,52.9,51.3,50.9,49.2,49.2,49.5,50.4,51.3,50.6,50.4,50.8,49.6,50.1,77.4,97.2,93.2,99.1,143.8,163.7,139.9,163.2,184.4,194.7,164.4,175.2,197.8,230.2,243.3,232.0,253.1,249.3,249.2,247.6,250.7,254.5,264.9,272.7,266.3,266.8,272.3,264.1,268.8,26.6,28.3,28.1,28.4,31.5,31.8,31.0,33.9,36.3,40.4,38.5,41.5,42.8,45.0,45.9,44.7,47.8,48.6,49.0,50.3,51.0,51.4,52.6,53.2,52.6,52.9,53.7,53.2,53.7,74.0,81.1,73.4,73.5,80.0,77.8,75.2,72.3,73.0,71.2,64.6,56.2,56.3,59.2,57.8,56.4,56.8,56.4,50.8,50.4,50.9,51.9,52.9,51.9,50.1,51.2,50.7,50.6,50.9,150.2,161.4,181.4,183.8,202.5,193.5,219.4,222.5,252.8,255.3,235.8,226.0,244.8,258.3,254.5,272.4,264.7,272.9,248.9,252.3,255.0,254.9,265.9,266.6,259.3,266.5,269.2,267.8,270.4,20.3,19.9,24.7,25.0,25.3,24.9,29.2,30.8,34.6,35.9,36.5,40.2,43.5,43.6,44.0,48.3,46.6,48.4,49.0,50.1,50.1,49.1,50.3,51.4,51.8,52.1,53.1,52.9,53.1
Binh Duong,Bình Dương,city/province,South East,"3,4,5,6","8,9","10,11,12",5.6,6.3,5.8,5.8,6.3,6.1,6.2,6.2,6.1,5.7,5.1,4.2,3.4,3.0,2.6,2.7,3.0,2.9,2.8,2.6,2.4,2.2,2.3,2.2,2.1,2.1,2.0,1.9,1.8,17.8,20.8,18.9,18.3,20.3,20.2,20.9,21.0,20.9,20.1,18.8,15.6,13.1,12.3,11.3,11.8,13.7,13.4,13.2,12.5,11.5,10.9,11.2,10.6,10.5,10.4,9.9,9.6,9.3,31.8,33.0,32.6,31.6,32.4,33.1,33.7,33.9,34.3,35.3,36.9,37.1,38.5,41.0,43.5,43.7,45.7,46.2,47.1,48.1,47.9,49.5,48.7,48.2,50.0,49.5,51.0,51.2,51.8,3.5,3.6,4.0,3.9,3.9,4.1,4.2,3.9,3.8,3.8,3.3,2.9,2.6,2.3,2.2,2.1,1.9,1.9,1.8,1.7,1.7,1.6,1.5,1.4,1.4,1.3,1.2,1.1,1.1,10.5,9.4,11.9,11.2,11.7,12.5,12.8,12.2,12.4,12.7,10.6,9.7,8.9,7.9,7.7,7.9,7.3,7.1,6.8,6.7,6.4,6.1,6.0,5.6,5.3,5.0,4.9,4.6,4.4,30.0,26.1,29.8,28.7,30.0,30.5,30.5,31.3,32.6,33.4,32.1,33.4,34.2,34.3,35.0,37.6,38.4,37.4,37.8,39.4,37.6,38.1,40.0,40.0,37.9,38.5,39.4,41.5,39.7,19.7,16.3,16.1,16.1,15.8,14.7,13.9,13.7,13.6,13.3,10.2,8.7,7.7,6.4,5.6,5.3,4.9,4.8,4.7,4.0,3.5,3.5,3.4,3.3,3.2,2.9,2.8,2.6,2.5,43.7,37.2,38.1,38.1,38.7,33.9,32.8,33.7,34.2,33.3,28.0,20.6,21.4,19.6,18.8,19.1,17.5,17.4,17.0,14.9,13.5,13.6,13.4,12.9,12.4,11.6,11.4,10.8,10.3,22.2,22.8,23.7,23.7,24.5,23.1,23.6,24.6,25.1,25.0,27.5,23.7,27.8,30.6,33.6,36.0,35.7,36.3,36.2,37.3,38.6,38.9,39.4,39.1,38.8,40.0,40.7,41.5,41.7
Dong Nai,Đồng Nai,city/province,South East,"3,4,5,6","8,9","10,11,12",12.9,13.2,13.5,13.5,13.9,15.3,16.2,16.0,16.2,16.7,15.7,16.0,15.9,16.0,15.9,15.8,15.0,14.7,14.5,14.5,14.5,14.7,15.0,16.0,16.3,16.0,15.4,15.3,15.3,46.6,52.8,54.3,51.5,53.4,61.4,66.1,65.3,69.0,74.1,73.6,76.2,83.3,87.1,87.5,87.7,83.7,84.1,83.7,84.9,88.1,89.2,92.2,92.4,103.3,102.2,100.0,100.6,101.5,36.1,40.0,40.2,38.1,38.4,40.1,40.8,40.8,42.6,44.4,46.9,47.6,52.4,54.4,55.0,55.5,55.8,57.2,57.7,58.6,60.8,60.7,61.5,57.8,63.4,63.9,64.9,65.9,66.5,21.8,22.6,21.7,22.3,24.6,26.4,26.0,27.0,27.4,27.3,27.4,27.6,26.2,26.9,26.3,25.4,25.5,25.7,24.3,24.3,23.7,21.9,22.0,22.2,21.4,20.4,19.8,19.2,18.8,74.2,77.3,63.5,62.5,68.3,88.7,82.1,86.5,97.5,104.0,110.9,104.2,109.3,113.9,113.6,107.8,120.8,124.7,118.6,120.3,119.7,113.3,113.3,118.4,112.8,112.6,111.2,110.3,109.6,34.0,34.2,29.3,28.0,27.8,33.6,31.6,32.0,35.6,38.1,40.5,37.8,41.7,42.3,43.2,42.4,47.4,48.5,48.8,49.5,50.5,51.7,51.5,53.3,52.7,55.2,56.3,57.4,58.2,32.8,34.1,35.9,38.0,39.4,40.2,39.0,37.4,36.5,36.9,36.4,33.9,33.4,32.1,31.0,28.2,28.2,28.0,27.4,26.5,25.4,25.1,23.7,21.6,21.1,19.3,18.7,18.1,17.3,97.1,93.3,114.5,122.1,112.8,120.2,132.2,132.5,135.7,118.5,140.7,125.4,132.0,132.1,136.8,127.4,131.7,133.9,130.2,132.1,129.4,129.0,123.6,114.4,114.4,105.1,103.5,101.4,99.3,29.6,27.4,31.9,32.1,28.6,29.9,33.9,35.4,37.2,32.1,38.7,37.0,39.5,41.2,44.1,45.2,46.7,47.8,47.5,49.8,50.9,51.4,52.2,53.0,54.2,54.5,55.3,56.0,57.5
Ba Ria—Vung Tau,Bà Rịa—Vũng Tàu,city/province,South East,"3,4,5,6","8,9","10,11,12",3.7,4.0,3.7,4.4,4.5,4.8,4.7,4.7,3.3,4.5,2.4,4.5,4.6,5.0,5.2,5.4,5.4,5.4,5.4,5.4,6.1,6.5,6.7,7.0,7.1,7.1,6.9,7.2,7.0,13.3,14.7,13.4,15.8,16.7,17.8,17.7,15.0,11.7,17.1,9.4,18.2,19.4,21.4,24.2,25.9,26.0,27.8,27.5,29.3,35.1,37.4,40.3,41.5,43.5,43.6,44.8,48.8,48.0,35.9,36.8,36.2,35.9,37.4,37.1,37.7,31.9,35.5,38.0,39.2,40.4,42.2,42.8,46.5,48.0,48.1,51.5,50.9,54.3,57.5,57.5,60.1,59.3,61.3,61.4,64.8,68.1,68.7,5.0,4.2,3.9,4.4,5.3,5.8,6.2,5.6,5.7,5.6,5.4,5.8,5.1,6.6,7.7,5.4,7.4,7.8,7.7,7.8,8.2,8.4,8.6,8.6,8.2,8.2,8.2,8.3,8.2,13.8,13.0,9.5,12.2,16.0,17.9,18.7,15.5,16.3,17.9,17.9,19.2,16.6,22.4,27.2,18.3,29.6,32.0,31.5,32.9,36.4,37.8,39.2,42.6,42.3,42.6,44.4,48.2,48.3,27.6,31.0,24.4,27.7,30.2,30.9,30.2,27.7,28.6,32.0,33.1,33.1,32.5,33.9,35.3,33.9,40.0,41.0,40.9,42.2,44.4,45.0,45.6,49.5,51.6,52.0,54.3,58.0,59.2,13.7,13.1,14.2,13.7,15.8,16.2,16.6,14.9,15.5,14.3,13.5,13.1,12.6,12.5,11.8,11.6,10.9,10.9,10.4,10.3,10.2,10.2,9.5,9.4,9.2,9.1,8.9,7.6,8.5,33.0,36.2,33.7,42.2,37.2,44.2,46.3,41.0,44.7,39.1,43.1,37.0,41.9,41.7,43.9,40.3,39.8,39.9,40.1,43.4,44.5,45.5,42.6,45.7,50.4,44.8,50.2,42.0,53.0,24.1,27.6,23.7,30.8,23.5,27.3,27.9,27.5,28.8,27.3,31.9,28.2,33.3,33.4,37.2,34.7,36.5,36.6,38.6,42.1,43.6,44.6,44.8,48.6,54.8,49.2,56.4,55.3,62.3
Ho Chi Minh city,TP Hồ Chí Minh,city/province,South East,"3,4,5,6","8,9","10,11,12",10.9,11.3,11.8,11.6,12.7,13.6,13.6,11.9,11.4,11.1,9.4,9.4,7.7,7.0,6.5,6.6,5.4,6.4,6.1,5.6,4.9,5.2,5.4,4.8,5.1,4.9,4.7,4.6,4.8,34.1,40.3,41.3,41.3,43.3,48.3,48.1,45.8,44.5,45.0,37.5,38.3,32.3,30.1,28.3,29.0,24.1,30.7,29.1,26.5,23.6,25.5,26.5,24.6,26.2,25.2,24.8,25.0,26.7,31.3,35.7,35.0,35.6,34.2,35.5,35.4,38.5,39.0,40.5,39.9,40.7,41.9,43.0,43.5,43.9,44.6,48.0,47.7,47.3,48.2,49.0,49.1,51.3,51.4,51.4,52.9,54.3,55.7,13.9,15.1,13.5,13.6,15.0,14.7,12.4,11.3,10.3,9.1,7.3,7.1,7.6,7.5,7.1,6.5,6.0,6.0,6.3,6.5,7.2,6.5,6.1,5.6,5.8,5.9,5.9,5.9,5.8,47.0,53.8,43.2,45.3,49.9,51.5,41.7,37.1,35.2,32.5,22.0,20.9,26.6,28.4,26.8,25.0,24.4,24.8,26.4,27.3,31.5,28.1,27.5,26.1,28.0,29.8,29.6,30.7,31.1,33.8,35.6,32.0,33.3,33.3,35.0,33.6,32.8,34.2,35.7,30.1,29.4,35.0,37.9,37.7,38.5,40.7,41.3,41.9,42.0,43.8,43.2,45.1,46.6,48.3,50.5,50.2,52.1,54.2,54.7,53.8,51.6,48.5,50.1,47.6,41.0,33.0,27.7,26.5,23.7,19.7,17.5,15.9,13.6,11.3,10.6,10.0,9.0,8.8,8.2,7.8,7.6,6.5,5.9,5.9,6.0,5.7,5.5,156.1,110.6,150.7,139.6,132.4,135.5,119.4,93.9,82.6,81.6,74.1,45.0,54.0,52.4,44.9,37.7,37.3,37.5,34.8,34.8,33.2,31.6,32.4,28.4,27.0,28.6,29.2,28.8,28.5,28.5,20.6,29.2,28.8,26.4,28.5,29.1,28.5,29.8,30.8,31.3,22.8,30.9,33.0,33.0,33.4,35.2,37.5,38.7,39.5,40.5,40.5,42.6,43.7,45.8,48.5,48.7,50.5,52.1
Long An,Long An,city/province,Mekong River Delta,"2,3,4","7,8,9,10,11,12","12,1,2",156.0,181.6,205.9,218.3,234.6,255.3,261.4,244.6,233.4,230.2,235.5,234.5,234.2,240.0,249.0,251.1,254.0,262.1,232.7,235.5,233.9,232.5,234.2,235.6,232.0,227.2,225.9,225.9,225.2,589.5,735.7,866.0,953.2,956.0,1093.4,1138.3,1192.3,1172.6,1163.5,1255.4,1196.9,1220.4,1296.8,1322.8,1436.6,1486.0,1596.5,1477.9,1580.5,1569.7,1406.5,1310.0,1441.3,1471.3,1474.1,1502.5,1456.6,1526.6,37.8,40.5,42.1,43.7,40.7,42.8,43.5,48.7,50.2,50.5,53.3,51.0,52.1,54.0,53.1,57.2,58.5,60.9,63.5,67.1,67.1,60.5,55.9,61.2,63.4,64.9,66.5,64.5,67.8,120.0,146.5,130.6,149.5,174.2,171.8,155.3,166.2,168.6,181.5,174.9,183.2,178.8,201.7,201.3,207.7,220.2,227.4,286.2,274.9,283.9,292.6,290.3,273.5,272.2,273.6,283.7,281.5,289.8,350.0,363.5,304.4,366.3,516.3,442.6,435.2,496.2,544.8,680.0,622.9,533.6,703.5,834.5,810.7,828.8,1031.5,1030.6,1307.4,1247.9,1331.0,1390.2,1327.0,1354.4,1295.9,1349.4,1417.2,1397.9,1549.0,29.2,24.8,23.3,24.5,29.6,25.8,28.0,29.9,32.3,37.5,35.6,29.1,39.3,41.4,40.3,39.9,46.8,45.3,45.7,45.4,46.9,47.5,45.7,49.5,47.6,49.3,49.9,49.7,53.4,49.7,43.2,38.0,32.3,32.4,26.0,24.2,22.5,22.1,21.7,18.9,15.5,15.4,15.3,13.3,12.3,10.0,10.1,8.8,8.8,5.1,2.3,2.2,2.2,2.1,1.8,1.7,1.6,1.3,76.3,82.0,70.2,81.0,50.5,37.3,52.7,50.1,55.4,59.2,55.9,38.9,26.7,46.8,25.1,39.4,33.2,36.4,30.8,32.2,18.0,5.5,6.2,7.0,7.7,6.7,5.9,6.6,5.4,15.4,19.0,18.5,25.1,15.6,14.3,21.8,22.3,25.1,27.3,29.6,25.1,17.3,30.6,18.9,32.0,33.2,36.0,35.0,36.6,35.3,23.9,28.2,31.8,36.7,37.2,34.7,41.3,40.8
Tien Giang,Tiền Giang,city/province,Mekong River Delta,"2,3,4","7,8,9,10,11,12","12,1,2",79.3,87.7,96.1,95.2,95.9,94.7,94.2,90.4,89.1,88.1,85.7,83.9,83.4,82.6,82.7,81.9,81.0,80.6,79.3,77.4,75.1,74.2,71.6,68.8,64.9,57.6,51.7,49.2,48.2,435.8,468.0,539.7,512.2,488.4,537.9,539.0,554.4,522.9,528.3,527.6,501.9,531.2,551.2,535.1,537.2,540.4,562.3,547.5,557.5,541.0,503.1,470.5,513.2,466.6,374.0,367.2,350.1,336.3,55.0,53.4,56.2,53.8,50.9,56.8,57.2,61.3,58.7,60.0,61.6,59.8,63.7,66.7,64.7,65.6,66.7,69.8,69.0,72.0,72.0,67.8,65.7,74.6,71.9,64.9,71.1,71.2,69.8,178.6,183.6,185.0,180.1,187.2,184.9,179.6,174.6,171.7,171.3,166.2,163.9,163.4,162.3,163.7,162.1,160.8,160.8,156.3,153.2,149.6,141.2,139.2,132.5,119.4,78.4,80.2,85.7,81.2,714.0,741.1,757.1,789.1,804.7,754.5,741.0,730.9,745.1,787.0,775.6,712.4,775.5,769.8,772.9,783.4,792.4,807.7,801.2,812.8,803.4,765.1,778.8,741.2,656.5,427.2,469.0,488.4,454.7,40.0,40.4,40.9,43.8,43.0,40.8,41.3,41.9,43.4,45.9,46.7,43.5,47.5,47.4,47.2,48.3,49.3,50.2,51.3,53.1,53.7,54.2,55.9,55.9,55.0,54.5,58.5,57.0,56.0,11.4,8.9,7.6,6.2,3.3,2.8,2.3,0.0,0.0,0.0,0.0,0.0,0.0,0.0,0.0,0.0,0.0,0.0,0.0,0.0,0.0,0.0,0.0,0.0,0.0,0.0,0.0,0.0,0.0,41.8,18.0,22.9,18.6,8.6,8.7,7.6,0.0,0.0,0.0,0.0,0.0,0.0,0.0,0.0,0.0,0.0,0.0,0.0,0.0,0.0,0.0,0.0,0.0,0.0,0.0,0.0,0.0,0.0,36.7,20.2,30.1,30.0,26.1,31.1,33.0,0.0,0.0,0.0,0.0,0.0,0.0,0.0,0.0,0.0,0.0,0.0,0.0,0.0,0.0,0.0,0.0,0.0,0.0,0.0,0.0,0.0,0.0
Ben Tre,Bến Tre,city/province,Mekong River Delta,"2,3,4","7,8,9,10,11,12","12,1,2",22.1,21.8,23.6,23.6,23.7,23.2,23.8,24.9,23.6,22.5,21.8,20.7,20.7,20.6,21.1,21.1,20.2,20.0,19.0,18.1,17.2,15.1,15.7,13.8,12.8,5.3,11.0,0.8,1.1,91.1,95.1,103.5,101.5,90.9,112.5,110.3,116.4,114.5,114.2,96.4,104.2,112.6,118.3,124.2,121.2,105.6,115.6,96.3,105.0,87.6,0.8,69.4,77.4,61.7,0.2,55.9,4.1,5.7,41.2,43.6,43.9,43.0,38.4,48.5,46.3,46.7,48.5,50.8,44.2,50.3,54.4,57.4,58.9,57.4,52.3,57.8,50.7,58.0,50.9,0.5,44.2,56.1,48.2,0.4,50.7,50.0,52.9,21.0,25.9,23.3,26.5,28.4,29.5,30.0,28.8,27.3,26.5,24.0,25.4,24.2,24.5,24.2,23.2,23.1,22.2,20.1,19.3,17.9,16.6,30.8,30.0,28.0,10.7,20.5,17.8,16.0,77.0,95.5,81.8,98.2,100.6,115.1,113.6,110.1,101.4,103.4,90.3,86.4,97.1,103.4,96.3,91.0,107.7,105.2,87.9,82.5,71.8,66.5,128.0,134.5,128.0,37.1,95.7,86.3,83.1,36.7,36.9,35.1,37.1,35.4,39.0,37.9,38.2,37.1,39.0,37.6,34.0,40.1,42.2,39.8,39.2,46.6,47.4,43.7,42.7,40.1,40.1,41.6,44.8,45.7,34.7,46.6,48.5,52.1,49.6,50.0,51.9,50.7,49.0,48.9,47.0,45.9,44.6,41.5,37.7,35.7,34.8,34.1,35.8,35.9,33.6,33.6,33.1,29.2,27.9,9.8,8.4,8.0,6.8,6.0,5.0,5.0,5.2,151.2,162.1,133.9,138.7,135.5,129.7,155.8,165.6,165.1,150.5,154.7,141.9,95.1,139.4,142.2,154.6,148.9,154.2,147.4,131.4,119.4,20.3,29.8,24.8,24.4,21.8,15.0,20.4,20.9,30.5,32.4,25.8,27.4,27.7,26.5,33.1,36.1,37.0,36.3,41.0,39.7,27.3,40.9,39.7,43.1,44.3,45.9,44.5,45.0,42.8,20.7,35.5,31.0,35.9,36.3,30.0,40.8,40.6
Tra Vinh,Trà Vinh,city/province,Mekong River Delta,"2,3,4","7,8,9,10,11,12","12,1,2",35.0,39.1,46.0,48.5,53.2,53.0,54.3,55.0,53.6,53.9,53.6,52.8,49.7,53.7,56.1,59.5,61.1,58.2,64.5,66.4,68.9,68.8,59.9,66.4,68.6,60.5,59.7,63.3,62.1,169.6,180.6,217.7,236.1,219.0,261.9,216.4,283.7,284.6,287.0,300.5,269.9,229.9,294.5,297.5,346.8,289.6,362.6,389.0,446.2,469.3,277.7,353.3,445.7,453.9,214.3,382.6,411.5,378.7,48.5,46.2,47.3,48.7,41.2,49.4,39.9,51.6,53.1,53.2,56.1,51.1,46.3,54.8,53.0,58.3,47.4,62.3,60.3,67.2,68.1,40.4,59.0,67.1,66.2,35.4,64.1,65.0,61.0,50.0,66.3,73.4,80.0,84.6,87.0,87.6,84.9,86.6,86.7,84.9,82.8,81.1,82.9,82.4,81.4,81.0,80.2,80.7,80.2,164.3,139.4,157.9,155.1,153.5,142.4,147.9,134.6,140.2,220.5,231.2,249.8,261.4,338.2,363.3,326.7,345.3,362.9,361.2,340.5,341.8,384.6,396.4,396.2,379.0,431.9,434.8,418.1,407.0,859.1,667.9,773.4,815.0,795.0,716.7,759.7,640.3,726.6,44.1,34.9,34.0,32.7,40.0,41.8,37.3,40.7,41.9,41.7,40.1,41.3,47.4,47.8,48.1,46.6,53.3,54.2,51.8,50.7,52.3,47.9,49.0,52.5,51.8,50.3,51.4,47.6,51.8,84.3,53.8,81.5,81.5,94.8,97.0,98.5,95.9,96.0,95.0,93.9,92.6,93.2,90.3,93.4,91.8,90.9,89.0,90.4,89.2,2.6,2.4,2.4,1.7,2.2,2.3,1.3,1.1,1.1,257.3,266.9,246.5,246.5,282.0,319.5,359.2,376.9,398.1,385.7,387.8,398.1,315.3,395.8,383.1,430.2,433.8,460.6,467.7,473.7,11.1,10.7,10.7,7.4,10.0,8.7,6.5,5.2,5.1,30.5,49.6,30.2,30.2,29.7,32.9,36.5,39.3,41.5,40.6,41.3,43.0,33.8,43.8,41.0,46.9,47.7,51.8,51.7,53.1,42.7,44.6,44.6,43.5,45.5,37.8,50.0,47.4,44.3
Vinh Long,Vĩnh Long,city/province,Mekong River Delta,"2,3,4","7,8,9,10,11,12","12,1,2",72.7,73.8,74.8,75.9,76.2,76.0,75.9,74.5,72.7,71.5,70.9,69.7,68.5,68.2,67.6,66.9,65.8,63.8,63.5,61.5,61.0,61.2,59.0,56.2,55.2,52.4,47.5,46.4,39.8,379.9,410.6,422.3,449.0,417.1,434.2,403.4,444.3,421.9,422.6,437.7,424.9,418.8,431.3,427.5,453.9,434.8,434.5,422.0,435.9,437.0,390.5,354.1,371.8,345.7,360.3,335.3,324.8,274.0,52.3,55.6,56.5,59.2,54.7,57.1,53.1,59.6,58.0,59.1,61.7,61.0,61.1,63.2,63.2,67.8,66.1,68.1,66.5,70.9,71.6,63.8,60.0,66.2,62.6,68.8,70.6,70.0,68.9,124.0,131.3,118.8,150.2,145.9,128.8,137.9,133.0,131.9,134.8,132.2,126.8,89.8,109.2,109.1,103.1,115.7,122.1,118.4,118.7,119.5,115.3,110.4,105.7,100.3,93.4,87.0,66.0,72.9,446.7,457.6,433.2,509.8,540.4,492.2,497.5,509.4,503.4,532.7,535.3,507.4,392.0,464.8,483.9,475.0,597.5,645.1,641.7,651.3,657.7,548.2,588.4,597.7,562.6,534.8,482.6,354.9,402.2,36.0,34.9,36.5,33.9,37.0,38.2,36.1,38.3,38.2,39.5,40.5,40.0,43.7,42.6,44.4,46.1,51.6,52.8,54.2,54.9,55.0,47.5,53.3,56.5,56.1,57.3,55.4,53.8,55.1,9.3,4.7,4.5,2.4,2.1,3.8,2.5,2.3,2.4,1.8,0.0,0.0,0.0,0.0,0.0,0.0,0.0,0.0,0.0,0.0,0.0,0.0,0.0,0.0,0.0,0.0,0.0,0.0,0.0,35.0,17.0,18.3,10.7,8.5,14.6,10.3,9.6,11.1,8.3,0.0,0.0,0.0,0.0,0.0,0.0,0.0,0.0,0.0,0.0,0.0,0.0,0.0,0.0,0.0,0.0,0.0,0.0,0.0,37.6,36.2,40.7,44.6,40.5,38.4,41.2,41.7,46.3,46.1,0.0,0.0,0.0,0.0,0.0,0.0,0.0,0.0,0.0,0.0,0.0,0.0,0.0,0.0,0.0,0.0,0.0,0.0,0.0
Dong Thap,Đồng Tháp,city/province,Mekong River Delta,"2,3,4","7,8,9,10,11,12","12,1,2",175.0,189.3,196.6,198.2,202.6,203.7,206.0,204.5,203.1,202.5,203.3,205.6,208.4,208.0,207.2,207.7,206.9,208.3,208.2,207.4,204.9,208.8,208.9,205.7,205.4,200.6,196.1,189.3,190.2,943.5,983.9,1121.3,1151.8,1140.8,1196.3,1235.3,1298.7,1281.9,1292.1,1362.8,1343.9,1422.6,1453.9,1428.4,1472.7,1482.0,1504.8,1472.8,1497.0,1443.2,1420.3,1254.4,1438.2,1437.4,1452.0,1435.0,1384.8,1390.1,53.9,52.0,57.0,58.1,56.3,58.7,60.0,63.5,63.1,63.8,67.0,65.4,68.3,69.9,68.9,70.9,71.6,72.2,70.7,72.2,70.4,68.0,60.0,69.9,70.0,72.4,73.2,73.2,73.1,185.0,201.0,175.3,224.4,240.1,204.7,202.3,221.9,233.3,250.5,264.4,248.4,238.7,260.1,243.6,257.4,294.2,279.3,333.6,321.2,341.1,342.6,329.4,314.7,316.2,313.6,308.3,292.9,308.2,669.9,734.4,627.6,778.2,935.4,682.2,728.3,880.0,933.0,1128.8,1243.7,1061.0,1121.8,1266.3,1222.0,1334.3,1618.2,1547.0,1854.2,1803.0,1941.3,1976.5,1952.4,1892.0,1912.4,1922.5,1904.7,1850.2,1935.2,36.2,36.5,35.8,34.7,39.0,33.3,36.0,39.7,40.0,45.1,47.0,42.7,47.0,48.7,50.2,51.8,55.0,55.4,55.6,56.1,56.9,57.7,59.3,60.1,60.5,61.3,61.8,63.2,62.8,1.0,0.5,0.0,0.0,0.0,0.0,0.0,0.0,0.0,0.0,0.0,0.0,0.0,0.0,0.0,0.0,0.0,0.0,0.0,0.0,0.0,0.0,0.0,0.0,0.0,0.0,0.0,0.0,0.0,3.1,1.7,0.0,0.0,0.0,0.0,0.0,0.0,0.0,0.0,0.0,0.0,0.0,0.0,0.0,0.0,0.0,0.0,0.0,0.0,0.0,0.0,0.0,0.0,0.0,0.0,0.0,0.0,0.0,31.0,34.0,0.0,0.0,0.0,0.0,0.0,0.0,0.0,0.0,0.0,0.0,0.0,0.0,0.0,0.0,0.0,0.0,0.0,0.0,0.0,0.0,0.0,0.0,0.0,0.0,0.0,0.0,0.0
An Giang,An Giang,city/province,Mekong River Delta,"2,3,4","7,8,9,10,11,12","12,1,2",178.0,188.2,209.8,212.5,216.6,220.4,221.7,218.8,220.5,220.3,223.3,231.1,230.6,231.7,234.1,234.2,235.5,235.9,238.1,237.5,238.6,239.3,236.2,235.0,233.7,229.4,230.4,229.8,227.7,1088.9,1132.5,1307.6,1308.7,1258.8,1344.9,1231.8,1430.9,1413.9,1436.4,1547.6,1572.7,1639.6,1694.8,1677.2,1708.9,1768.8,1746.1,1749.4,1837.2,1804.4,1719.9,1660.4,1727.4,1659.3,1645.2,1771.8,1685.9,1719.4,61.2,60.2,62.3,61.6,58.1,61.0,55.6,65.4,64.1,65.2,69.3,68.1,71.1,73.1,71.6,73.0,75.1,74.0,73.5,77.4,75.6,71.9,70.3,73.5,71.0,71.7,76.9,73.4,75.5,185.0,206.7,190.0,200.0,231.5,232.8,225.9,246.6,275.2,294.0,298.1,265.1,282.5,324.7,315.6,347.0,366.7,383.3,397.9,383.2,400.3,424.7,399.9,388.0,387.8,403.0,390.0,371.0,385.0,770.0,795.7,649.8,710.5,814.5,807.0,849.4,1139.2,1250.6,1546.8,1568.7,1327.0,1486.3,1788.0,1715.8,1920.9,2064.7,2165.8,2244.6,2161.4,2250.1,2234.6,2202.0,2199.1,2241.0,2348.6,2350.8,2242.8,2334.6,41.6,38.5,34.2,35.5,35.2,34.7,37.6,46.2,45.5,52.6,52.6,50.1,52.6,55.1,54.4,55.4,56.3,56.5,56.4,56.4,56.2,52.6,55.1,56.7,57.8,58.3,60.3,60.5,60.6,28.8,22.3,15.2,16.7,14.8,11.2,11.5,11.8,8.3,8.7,8.3,7.3,7.2,8.1,7.6,5.4,5.4,5.9,5.4,5.1,5.3,5.0,5.0,0.1,4.8,4.8,4.5,3.6,3.5,33.6,43.3,23.1,25.4,26.7,25.8,32.2,23.6,21.8,23.7,25.3,23.5,17.0,31.0,28.5,23.3,23.3,29.7,27.4,24.3,19.2,20.1,17.2,0.3,19.0,20.3,20.5,15.2,13.7,11.7,19.4,15.2,15.2,18.0,23.0,28.0,20.0,26.3,27.2,30.5,32.2,23.6,38.3,37.5,43.1,43.1,50.3,50.7,47.6,36.2,40.2,34.4,30.0,39.6,42.3,45.6,42.1,39.1
Kien Giang,Kiên Giang,city/province,Mekong River Delta,"2,3,4","7,8,9,10,11,12","12,1,2",107.0,144.2,155.4,160.1,182.7,232.6,249.7,254.3,266.6,250.8,250.8,256.7,265.3,270.2,277.8,283.9,287.2,292.2,300.6,305.9,307.3,301.0,298.8,290.0,289.1,289.8,284.4,283.9,281.0,568.6,785.5,842.1,858.0,882.7,1153.2,1123.2,1347.5,1402.1,1424.2,1503.4,1528.2,1572.6,1813.2,1860.3,1892.1,1995.5,2061.7,2076.4,2207.6,2224.5,1850.3,1799.7,2051.0,1989.0,2122.3,2166.1,2089.5,2159.6,53.1,54.5,54.2,53.6,48.3,49.6,45.0,53.0,52.6,56.8,59.9,59.5,59.3,67.1,67.0,66.6,69.5,70.6,69.1,72.2,72.4,61.5,60.2,70.7,68.8,73.2,76.2,73.6,76.8,170.0,211.7,188.8,249.0,255.7,266.9,268.3,293.3,277.1,286.4,299.8,293.8,266.4,279.0,282.1,296.6,345.3,368.5,403.9,385.3,399.2,404.8,389.1,379.8,368.9,373.4,372.9,348.6,363.3,629.1,620.0,617.2,813.9,909.0,1032.5,977.9,1160.7,1030.6,1199.4,1282.0,1081.8,1230.5,1338.0,1300.0,1367.9,1723.6,1950.5,2112.8,2044.3,2135.2,2203.7,2122.7,1950.0,1983.2,2084.4,2085.0,1954.1,2035.8,37.0,29.3,32.7,32.7,35.5,38.7,36.4,39.6,37.2,41.9,42.8,36.8,46.2,48.0,46.1,46.1,49.9,52.9,52.3,53.1,53.5,54.4,54.6,51.3,53.8,55.8,55.9,56.1,56.0,103.3,93.7,95.5,96.8,82.9,41.5,32.6,28.3,19.4,33.1,45.2,44.6,51.2,60.0,62.2,62.2,54.4,64.4,65.9,62.4,63.0,60.1,47.4,58.6,64.1,62.6,58.4,67.3,68.5,264.7,292.0,232.9,228.5,234.5,98.6,86.9,70.2,56.9,116.2,158.9,134.3,174.2,236.0,237.4,237.1,202.0,274.9,282.6,280.3,283.3,107.5,136.4,266.4,319.3,321.8,265.5,361.8,366.5,25.6,31.2,24.4,23.6,28.3,23.8,26.7,24.8,29.3,35.1,35.2,30.1,34.0,39.3,38.2,38.1,37.1,42.7,42.9,44.9,45.0,17.9,28.8,45.5,49.8,51.4,45.5,53.8,53.5
Can Tho,Cần Thơ,city/province,Mekong River Delta,"2,3,4","7,8,9,10,11,12","12,1,2",165.6,163.6,167.2,167.4,175.2,180.3,181.9,180.9,177.6,93.9,93.4,93.0,92.1,90.6,90.1,89.8,88.7,87.8,88.0,88.0,87.3,86.7,85.4,82.5,81.3,79.3,77.2,76.0,75.0,865.3,924.3,949.1,973.3,961.6,1029.1,1018.8,1151.2,1085.2,638.5,651.3,622.1,626.3,620.9,606.4,634.1,635.1,640.0,637.2,646.1,645.3,615.8,556.7,590.9,565.6,572.6,575.2,564.0,559.8,52.3,56.5,56.8,58.1,54.9,57.1,56.0,63.6,61.1,68.0,69.7,66.9,68.0,68.5,67.3,70.6,71.6,72.9,72.4,73.4,73.9,71.0,65.2,71.6,69.6,72.2,74.5,74.2,74.6,230.0,233.8,214.0,257.8,291.4,233.1,259.2,275.7,275.8,136.0,138.6,129.8,115.8,128.0,118.7,119.6,136.0,140.4,148.6,144.3,150.6,153.3,154.7,154.8,143.8,143.7,145.2,140.3,141.2,824.1,855.6,741.3,898.8,1018.0,853.7,935.6,1065.0,1057.2,556.2,582.4,530.9,505.3,577.6,531.7,562.6,654.6,679.8,733.1,721.6,762.8,782.0,830.5,835.4,800.3,820.6,838.9,802.7,802.4,35.8,36.6,34.6,34.9,34.9,36.6,36.1,38.6,38.3,40.9,42.0,40.9,43.6,45.1,44.8,47.0,48.1,48.4,49.3,50.0,50.7,51.0,53.7,54.0,55.7,57.1,57.8,57.2,56.8,6.2,8.4,8.2,8.5,0.0,0.0,0.0,0.0,0.0,0.0,0.0,0.0,0.0,0.0,0.0,0.0,0.0,0.0,0.0,0.0,0.0,0.0,0.0,0.0,0.0,0.0,0.0,0.0,0.0,21.3,23.2,22.6,22.6,0.0,0.0,0.0,0.0,0.0,0.0,0.0,0.0,0.0,0.0,0.0,0.0,0.0,0.0,0.0,0.0,0.0,0.0,0.0,0.0,0.0,0.0,0.0,0.0,0.0,34.4,27.6,27.6,26.6,0.0,0.0,0.0,0.0,0.0,0.0,0.0,0.0,0.0,0.0,0.0,0.0,0.0,0.0,0.0,0.0,0.0,0.0,0.0,0.0,0.0,0.0,0.0,0.0,0.0
Hau Giang,Hậu Giang,city/province,Mekong River Delta,"2,3,4","7,8,9,10,11,12","12,1,2",0.0,0.0,0.0,0.0,0.0,0.0,0.0,0.0,0.0,84.9,85.4,84.2,79.0,81.6,82.3,84.3,83.0,77.9,79.9,77.5,80.0,79.4,77.9,78.0,78.4,77.8,77.0,76.6,75.5,0.0,0.0,0.0,0.0,0.0,0.0,0.0,0.0,0.0,520.8,546.1,522.5,416.6,502.8,518.8,548.5,556.3,554.2,567.7,582.7,618.5,556.1,531.5,570.0,575.4,595.9,602.2,596.2,585.4,0.0,0.0,0.0,0.0,0.0,0.0,0.0,0.0,0.0,61.3,63.9,62.1,52.7,61.6,63.0,65.1,67.0,71.1,71.1,75.2,77.3,70.0,68.2,73.1,73.4,76.6,78.2,77.8,77.5,0.0,0.0,0.0,0.0,0.0,0.0,0.0,0.0,0.0,143.5,143.0,142.9,110.3,121.3,108.9,126.4,129.7,136.2,132.1,127.8,127.1,122.8,128.7,116.6,117.7,120.4,112.0,111.7,102.3,0.0,0.0,0.0,0.0,0.0,0.0,0.0,0.0,0.0,555.9,563.1,540.3,448.5,517.3,475.0,541.7,572.2,625.7,623.6,621.9,674.6,675.0,729.5,676.1,683.6,698.2,672.3,657.7,601.3,0.0,0.0,0.0,0.0,0.0,0.0,0.0,0.0,0.0,38.7,39.4,37.8,40.7,42.6,43.6,42.9,44.1,45.9,47.2,48.7,53.1,55.0,56.7,58.0,58.1,58.0,60.0,58.9,58.8,0.0,0.0,0.0,0.0,0.0,0.0,0.0,0.0,0.0,0.0,0.0,0.0,0.0,0.0,0.0,0.0,0.0,0.0,0.0,0.0,0.0,0.0,0.0,0.0,0.0,0.0,0.0,0.0,0.0,0.0,0.0,0.0,0.0,0.0,0.0,0.0,0.0,0.0,0.0,0.0,0.0,0.0,0.0,0.0,0.0,0.0,0.0,0.0,0.0,0.0,0.0,0.0,0.0,0.0,0.0,0.0,0.0,0.0,0.0,0.0,0.0,0.0,0.0,0.0,0.0,0.0,0.0,0.0,0.0,0.0,0.0,0.0,0.0,0.0,0.0,0.0,0.0,0.0,0.0,0.0,0.0,0.0,0.0,0.0,0.0,0.0,0.0
Soc Trang,Sóc Trăng,city/province,Mekong River Delta,"2,3,4","7,8,9,10,11,12","12,1,2",45.0,61.4,69.3,119.7,137.2,132.0,134.6,140.6,138.6,136.5,136.0,139.7,140.7,139.3,138.6,139.6,138.3,138.8,141.3,141.3,196.7,189.3,183.9,193.4,198.5,183.0,174.3,182.2,174.5,216.3,264.3,295.4,541.1,621.7,640.6,602.3,709.4,708.2,715.0,752.5,752.1,704.9,822.8,811.8,872.4,884.0,909.8,933.2,961.3,1348.0,1181.8,1186.0,1250.2,1293.4,1186.1,1183.5,1222.3,1187.2,48.1,43.0,42.6,45.2,45.3,48.5,44.7,50.5,51.1,52.4,55.3,53.8,50.1,59.1,58.6,62.5,63.9,65.5,66.0,68.0,68.5,62.4,64.5,64.6,65.2,64.8,67.9,67.1,68.0,98.0,148.8,140.3,150.3,168.3,171.3,159.6,165.9,170.7,154.2,154.4,160.9,158.9,160.7,169.1,188.2,187.1,200.5,200.7,192.0,152.4,153.3,151.8,146.4,146.3,159.0,142.3,140.0,145.0,445.4,501.6,516.6,629.0,700.2,737.0,705.4,751.9,756.7,721.4,764.1,757.4,798.9,821.4,852.2,995.1,1102.9,1214.6,1128.2,1150.8,858.2,864.5,855.1,821.0,821.1,833.8,818.2,766.3,834.2,45.4,33.7,36.8,41.8,41.6,43.0,44.2,45.3,44.3,46.8,49.5,47.1,50.3,51.1,50.4,52.9,58.9,60.6,56.2,59.9,56.3,56.4,56.3,56.1,56.1,52.4,57.5,54.7,57.5,132.6,110.0,121.1,73.6,51.0,67.1,54.6,48.4,40.3,24.5,31.2,23.8,25.8,22.3,26.9,21.8,23.6,26.6,31.5,30.6,13.6,14.1,12.5,12.0,11.5,11.7,11.3,10.6,10.9,426.4,384.5,369.2,211.4,185.6,240.4,218.0,181.5,145.3,89.7,117.6,92.7,98.7,95.3,116.4,99.1,103.7,127.4,158.6,153.2,69.3,68.8,64.0,61.6,57.6,59.9,57.1,54.0,55.8,32.2,35.0,30.5,28.7,36.4,35.8,39.9,37.5,36.1,36.6,37.7,38.9,38.3,42.7,43.3,45.5,43.9,47.9,50.3,50.1,51.0,48.8,51.2,51.3,50.1,51.2,50.5,50.9,51.1
Bac Lieu,Bạc Liêu,city/province,Mekong River Delta,"2,3,4","7,8,9,10,11,12","12,1,2",0.0,1.1,7.1,20.6,28.7,34.4,25.7,19.0,19.2,11.3,18.6,28.0,33.9,40.0,42.2,44.6,45.8,54.6,49.3,46.2,46.6,45.6,46.3,48.4,48.3,47.5,48.8,48.2,43.3,0.0,3.0,16.3,51.2,126.6,144.6,104.4,84.0,78.6,61.5,94.6,157.0,176.9,232.7,246.1,251.6,305.3,346.1,325.2,334.7,339.2,308.5,333.3,356.6,360.1,364.2,377.0,364.9,335.7,0.0,27.3,23.0,24.9,44.1,42.0,40.6,44.2,40.9,54.4,50.9,56.1,52.2,58.2,58.3,56.4,66.7,63.4,66.0,72.4,72.8,67.7,72.0,73.7,74.6,76.7,77.3,75.7,77.6,18.5,29.3,30.3,53.2,70.8,84.6,72.9,72.7,58.3,56.6,58.6,50.8,53.3,49.1,55.8,56.9,55.8,55.8,56.4,56.0,101.8,97.8,103.0,102.9,103.1,100.5,102.8,99.2,101.9,62.3,85.9,121.6,221.2,285.8,363.2,311.3,322.4,259.4,262.0,277.4,227.0,224.9,234.6,257.6,287.3,301.1,299.4,309.0,310.1,584.8,563.7,582.6,596.7,605.6,585.4,609.5,580.9,631.8,33.7,29.3,40.1,41.6,40.4,42.9,42.7,44.3,44.5,46.3,47.3,44.7,42.2,47.8,46.2,50.5,54.0,53.7,54.8,55.4,57.4,57.6,56.6,58.0,58.7,58.2,59.3,58.6,62.0,111.6,109.4,114.6,96.9,106.4,98.3,79.5,78.1,72.9,69.4,64.1,65.3,62.7,65.9,68.5,56.8,62.7,68.3,76.1,78.0,32.2,28.9,31.3,33.7,36.8,39.6,39.4,41.5,46.5,432.0,465.9,379.6,405.0,392.2,385.7,311.3,287.7,289.9,290.9,289.5,293.2,291.4,297.1,316.6,270.6,302.5,341.2,383.7,392.2,140.5,120.9,149.0,162.0,181.9,221.6,239.9,252.0,271.5,38.7,42.6,33.1,41.8,36.9,39.2,39.2,36.8,39.8,41.9,45.2,44.9,46.5,45.1,46.2,47.6,48.2,50.0,50.4,50.3,43.6,41.8,47.6,48.1,49.4,56.0,60.9,60.7,58.4
Ca Mau,Cà Mau,city/province,Mekong River Delta,"2,3,4","7,8,9,10,11,12","12,1,2",0.0,0.4,2.2,9.0,21.9,15.0,8.4,6.2,0.9,0.7,0.4,0.4,0.0,0.0,0.0,0.0,0.0,0.0,0.0,0.0,0.0,0.0,1.3,0.0,36.5,36.1,35.7,35.3,35.2,0.0,1.6,8.8,11.9,87.0,55.1,33.3,14.9,2.8,2.7,1.4,1.5,0.0,0.0,0.0,0.0,0.0,0.0,0.0,0.0,0.0,0.0,3.9,0.0,196.6,208.7,232.8,214.5,218.7,0.0,40.0,40.0,13.2,39.7,36.7,39.6,24.0,31.1,38.6,35.0,37.5,0.0,0.0,0.0,0.0,0.0,0.0,0.0,0.0,0.0,0.0,30.0,0.0,53.9,57.8,65.2,60.8,62.1,17.5,34.6,40.4,55.0,61.6,86.2,32.9,37.3,34.1,35.8,36.2,36.1,36.0,36.3,36.1,35.6,35.4,35.8,35.5,36.7,36.4,37.1,36.7,36.5,36.1,35.8,35.3,35.2,35.2,87.4,116.1,149.7,199.5,237.6,361.2,116.6,138.8,119.3,137.9,150.5,132.3,122.2,141.0,141.8,153.6,160.2,170.8,161.0,158.5,152.1,166.2,156.3,150.6,169.0,138.8,171.3,163.5,174.5,49.9,33.6,37.1,36.3,38.6,41.9,35.4,37.2,35.0,38.5,41.6,36.6,33.9,38.8,39.3,43.1,45.3,47.7,45.4,43.2,41.8,44.8,42.6,41.3,46.8,38.8,48.5,46.5,49.5,169.5,166.1,178.3,170.0,160.3,147.0,90.2,87.0,72.0,95.1,73.0,78.9,87.1,96.6,102.9,89.9,94.8,93.4,94.3,90.7,90.2,75.1,75.1,80.9,43.0,40.5,29.1,40.5,40.9,444.1,478.9,390.9,506.3,519.3,434.2,268.5,266.8,230.8,263.5,235.0,269.5,297.0,341.8,361.7,344.7,380.2,385.2,405.5,393.5,313.1,285.8,285.8,380.1,159.9,99.4,54.9,166.0,175.2,26.2,28.8,21.9,29.8,32.4,29.5,29.8,30.7,32.1,27.7,32.2,34.2,34.1,35.4,35.2,38.3,40.1,41.2,43.0,43.4,34.7,38.1,38.1,47.0,37.2,24.5,18.9,41.0,42.9
